jp_name,jp_team,en_name,en_team
ゲラ,阪神タイガース,"Guerra, Javy",Hanshin Tigers
岩崎 優,阪神タイガース,"Iwazaki, Suguru",Hanshin Tigers
岩貞 祐太,阪神タイガース,"Iwasada, Yuta",Hanshin Tigers
西 純矢,阪神タイガース,"Nishi, Junya",Hanshin Tigers
西 勇輝,阪神タイガース,"Nishi, Yuki",Hanshin Tigers
青柳 晃洋,阪神タイガース,"Aoyagi, Koyo",Hanshin Tigers
下村 海翔,阪神タイガース,"Shimomura, Kaito",Hanshin Tigers
森木 大智,阪神タイガース,"Moriki, Daichi",Hanshin Tigers
秋山 拓巳,阪神タイガース,"Akiyama, Takumi",Hanshin Tigers
椎葉 剛,阪神タイガース,"Shiiba, Tsuyoshi",Hanshin Tigers
伊藤 将司,阪神タイガース,"Itoh, Masashi",Hanshin Tigers
鈴木 勇斗,阪神タイガース,"Suzuki, Yuto",Hanshin Tigers
髙橋 遥人,阪神タイガース,"Takahashi, Haruto",Hanshin Tigers
門別 啓人,阪神タイガース,"Mombetsu, Keito",Hanshin Tigers
漆原 大晟,阪神タイガース,"Urushihara, Taisei",Hanshin Tigers
才木 浩人,阪神タイガース,"Saiki, Hiroto",Hanshin Tigers
浜地 真澄,阪神タイガース,"Hamachi, Masumi",Hanshin Tigers
及川 雅貴,阪神タイガース,"Oyokawa, Masaki",Hanshin Tigers
村上 頌樹,阪神タイガース,"Murakami, Shoki",Hanshin Tigers
島本 浩也,阪神タイガース,"Shimamoto, Hiroya",Hanshin Tigers
桐敷 拓馬,阪神タイガース,"Kirishiki, Takuma",Hanshin Tigers
茨木 秀俊,阪神タイガース,"Ibaragi, Hidetoshi",Hanshin Tigers
大竹 耕太郎,阪神タイガース,"Ohtake, Koutaro",Hanshin Tigers
富田 蓮,阪神タイガース,"Tomida, Ren",Hanshin Tigers
加治屋 蓮,阪神タイガース,"Kajiya, Ren",Hanshin Tigers
石黒 佑弥,阪神タイガース,"Ishiguro, Yuya",Hanshin Tigers
岡留 英貴,阪神タイガース,"Okadome, Hidetaka",Hanshin Tigers
湯浅 京己,阪神タイガース,"Yuasa, Atsuki",Hanshin Tigers
津田 淳哉,阪神タイガース,"Tsuda, Junya",Hanshin Tigers
石井 大智,阪神タイガース,"Ishii, Daichi",Hanshin Tigers
川原 陸,阪神タイガース,"Kawahara, Riku",Hanshin Tigers
岩田 将貴,阪神タイガース,"Iwata, Masaki",Hanshin Tigers
佐藤 蓮,阪神タイガース,"Satoh, Ren",Hanshin Tigers
ビーズリー,阪神タイガース,"Beasley, Jeremy",Hanshin Tigers
梅野 隆太郎,阪神タイガース,"Umeno, Ryutaro",Hanshin Tigers
坂本 誠志郎,阪神タイガース,"Sakamoto, Seishiro",Hanshin Tigers
榮枝 裕貴,阪神タイガース,"Sakaeda, Yuki",Hanshin Tigers
長坂 拳弥,阪神タイガース,"Nagasaka, Kenya",Hanshin Tigers
藤田 健斗,阪神タイガース,"Fujita, Kento",Hanshin Tigers
中川 勇斗,阪神タイガース,"Nakagawa, Hayato",Hanshin Tigers
片山 雄哉,阪神タイガース,"Katayama, Yuya",Hanshin Tigers
木浪 聖也,阪神タイガース,"Kinami, Seiya",Hanshin Tigers
大山 悠輔,阪神タイガース,"Ohyama, Yusuke",Hanshin Tigers
熊谷 敬宥,阪神タイガース,"Kumagai, Takahiro",Hanshin Tigers
佐藤 輝明,阪神タイガース,"Sato, Teruaki",Hanshin Tigers
渡邉 諒,阪神タイガース,"Watanabe, Ryo",Hanshin Tigers
糸原 健斗,阪神タイガース,"Itohara, Kento",Hanshin Tigers
小幡 竜平,阪神タイガース,"Obata, Ryuhei",Hanshin Tigers
戸井 零士,阪神タイガース,"Toi, Reiji",Hanshin Tigers
遠藤 成,阪神タイガース,"Endo, Jo",Hanshin Tigers
中野 拓夢,阪神タイガース,"Nakano, Takumu",Hanshin Tigers
山田 脩也,阪神タイガース,"Yamada, Shuya",Hanshin Tigers
百﨑 蒼生,阪神タイガース,"Momosaki, Aoi",Hanshin Tigers
植田 海,阪神タイガース,"Ueda, Kai",Hanshin Tigers
髙寺 望夢,阪神タイガース,"Takatera, Nozomu",Hanshin Tigers
原口 文仁,阪神タイガース,"Haraguchi, Fumihito",Hanshin Tigers
森下 翔太,阪神タイガース,"Morishita, Shota",Hanshin Tigers
近本 光司,阪神タイガース,"Chikamoto, Koji",Hanshin Tigers
ノイジー,阪神タイガース,"Neuse, Sheldon",Hanshin Tigers
井上 広大,阪神タイガース,"Inoue, Kouta",Hanshin Tigers
井坪 陽生,阪神タイガース,"Itsubo, Hinase",Hanshin Tigers
髙濱 祐仁,阪神タイガース,"Takahama, Yuto",Hanshin Tigers
島田 海吏,阪神タイガース,"Shimada, Kairi",Hanshin Tigers
ミエセス,阪神タイガース,"Mieses, Johan",Hanshin Tigers
前川 右京,阪神タイガース,"Maegawa, Ukyo",Hanshin Tigers
小野寺 暖,阪神タイガース,"Onodera, Dan",Hanshin Tigers
豊田 寛,阪神タイガース,"Toyoda, Hiroshi",Hanshin Tigers
野口 恭佑,阪神タイガース,"Noguchi, Kyosuke",Hanshin Tigers
小川 一平,阪神タイガース,"Ogawa, Ippei",Hanshin Tigers
松原 快,阪神タイガース,"Matsubara, Kai",Hanshin Tigers
伊藤 稜,阪神タイガース,"Itoh, Ryo",Hanshin Tigers
ベタンセス,阪神タイガース,"Betances, Jose",Hanshin Tigers
マルティネス,阪神タイガース,"Martinez, Anthony",Hanshin Tigers
福島 圭音,阪神タイガース,"Fukushima, Kein",Hanshin Tigers
九里 亜蓮,広島東洋カープ,"Kuri, Aren",Hiroshima Carp
大道 温貴,広島東洋カープ,"Ohmichi, Haruki",Hiroshima Carp
森浦 大輔,広島東洋カープ,"Moriura, Daisuke",Hiroshima Carp
大瀬良 大地,広島東洋カープ,"Ohsera, Daichi",Hiroshima Carp
森 翔平,広島東洋カープ,"Mori, Shohei",Hiroshima Carp
常廣 羽也斗,広島東洋カープ,"Tsunehiro, Hayato",Hiroshima Carp
森下 暢仁,広島東洋カープ,"Morishita, Masato",Hiroshima Carp
野村 祐輔,広島東洋カープ,"Nomura, Yusuke",Hiroshima Carp
栗林 良吏,広島東洋カープ,"Kuribayashi, Ryoji",Hiroshima Carp
中﨑 翔太,広島東洋カープ,"Nakazaki, Shota",Hiroshima Carp
髙 太一,広島東洋カープ,"Taka, Taichi",Hiroshima Carp
黒原 拓未,広島東洋カープ,"Kurohara, Takumi",Hiroshima Carp
益田 武尚,広島東洋カープ,"Masuda, Takehisa",Hiroshima Carp
床田 寛樹,広島東洋カープ,"Tokoda, Hiroki",Hiroshima Carp
ケムナ 誠,広島東洋カープ,"Kemna, Makoto",Hiroshima Carp
滝田 一希,広島東洋カープ,"Takita, Kazuki",Hiroshima Carp
高橋 昂也,広島東洋カープ,"Takahashi, Kouya",Hiroshima Carp
赤塚 健利,広島東洋カープ,"Akatsuka, Kento",Hiroshima Carp
塹江 敦哉,広島東洋カープ,"Horie, Atsuya",Hiroshima Carp
長谷部 銀次,広島東洋カープ,"Hasebe, Ginji",Hiroshima Carp
矢崎 拓也,広島東洋カープ,"Yasaki, Takuya",Hiroshima Carp
ハッチ,広島東洋カープ,"Hatch, Thomas",Hiroshima Carp
島内 颯太郎,広島東洋カープ,"Shimauchi, Sotaro",Hiroshima Carp
松本 竜也,広島東洋カープ,"Matsumoto, Ryuya",Hiroshima Carp
河野 佳,広島東洋カープ,"Kawano, Kei",Hiroshima Carp
斉藤 優汰,広島東洋カープ,"Saitoh, Yuta",Hiroshima Carp
アドゥワ 誠,広島東洋カープ,"Aduwa, Makoto",Hiroshima Carp
戸根 千明,広島東洋カープ,"Tone, Chiaki",Hiroshima Carp
小林 樹斗,広島東洋カープ,"Kobayashi, Tatsuto",Hiroshima Carp
玉村 昇悟,広島東洋カープ,"Tamamura, Shogo",Hiroshima Carp
遠藤 淳志,広島東洋カープ,"Endoh, Atsushi",Hiroshima Carp
内間 拓馬,広島東洋カープ,"Uchima, Takuma",Hiroshima Carp
ハーン,広島東洋カープ,"Hearn, Taylor",Hiroshima Carp
日髙 暖己,広島東洋カープ,"Hidaka, Atsumi",Hiroshima Carp
岡田 明丈,広島東洋カープ,"Okada, Akitake",Hiroshima Carp
コルニエル,広島東洋カープ,"Corniel, Robert",Hiroshima Carp
會澤 翼,広島東洋カープ,"Aizawa, Tsubasa",Hiroshima Carp
坂倉 将吾,広島東洋カープ,"Sakakura, Shogo",Hiroshima Carp
石原 貴規,広島東洋カープ,"Ishihara, Tomoki",Hiroshima Carp
磯村 嘉孝,広島東洋カープ,"Isomura, Yoshitaka",Hiroshima Carp
持丸 泰輝,広島東洋カープ,"Mochimaru, Taiki",Hiroshima Carp
清水 叶人,広島東洋カープ,"Shimizu, Kanato",Hiroshima Carp
髙木 翔斗,広島東洋カープ,"Takagi, Shoto",Hiroshima Carp
曽根 海成,広島東洋カープ,"Sone, Kaisei",Hiroshima Carp
上本 崇司,広島東洋カープ,"Uemoto, Takashi",Hiroshima Carp
田中 広輔,広島東洋カープ,"Tanaka, Kosuke",Hiroshima Carp
堂林 翔太,広島東洋カープ,"Dohbayashi, Shota",Hiroshima Carp
レイノルズ,広島東洋カープ,"Reynolds, Matt",Hiroshima Carp
菊池 涼介,広島東洋カープ,"Kikuchi, Ryosuke",Hiroshima Carp
林 晃汰,広島東洋カープ,"Hayashi, Kota",Hiroshima Carp
小園 海斗,広島東洋カープ,"Kozono, Kaito",Hiroshima Carp
韮澤 雄也,広島東洋カープ,"Nirasawa, Yuya",Hiroshima Carp
仲田 侑仁,広島東洋カープ,"Nakada, Yuto",Hiroshima Carp
矢野 雅哉,広島東洋カープ,"Yano, Masaya",Hiroshima Carp
内田 湘大,広島東洋カープ,"Uchida, Shodai",Hiroshima Carp
羽月 隆太郎,広島東洋カープ,"Hatsuki, Ryutaro",Hiroshima Carp
佐藤 啓介,広島東洋カープ,"Sato, Keisuke",Hiroshima Carp
シャイナー,広島東洋カープ,"Scheiner, Jake",Hiroshima Carp
二俣 翔一,広島東洋カープ,"Futamata, Shoichi",Hiroshima Carp
秋山 翔吾,広島東洋カープ,"Akiyama, Shogo",Hiroshima Carp
野間 峻祥,広島東洋カープ,"Noma, Takayoshi",Hiroshima Carp
宇草 孔基,広島東洋カープ,"Ugusa, Koki",Hiroshima Carp
中村 健人,広島東洋カープ,"Nakamura, Kento",Hiroshima Carp
末包 昇大,広島東洋カープ,"Suekane, Shota",Hiroshima Carp
松山 竜平,広島東洋カープ,"Matsuyama, Ryuhei",Hiroshima Carp
久保 修,広島東洋カープ,"Kubo, Shu",Hiroshima Carp
大盛 穂,広島東洋カープ,"Ohmori, Minoru",Hiroshima Carp
田村 俊介,広島東洋カープ,"Tamura, Shunsuke",Hiroshima Carp
中村 奨成,広島東洋カープ,"Nakamura, Shosei",Hiroshima Carp
中村 貴浩,広島東洋カープ,"Nakamura, Takahiro",Hiroshima Carp
杉田 健,広島東洋カープ,"Sugita, Takeru",Hiroshima Carp
坂田 怜,広島東洋カープ,"Sakata, Rei",Hiroshima Carp
辻 大雅,広島東洋カープ,"Tsuji, Taiga",Hiroshima Carp
新家 颯,広島東洋カープ,"Shinya, Soh",Hiroshima Carp
杉原 望来,広島東洋カープ,"Sugihara, Mirai",Hiroshima Carp
藤井 黎來,広島東洋カープ,"Fujii, Reira",Hiroshima Carp
前川 誠太,広島東洋カープ,"Maekawa, Seita",Hiroshima Carp
ラミレス,広島東洋カープ,"Ramirez, Moises",Hiroshima Carp
名原 典彦,広島東洋カープ,"Nabara, Norihiko",Hiroshima Carp
ロベルト,広島東洋カープ,"Roberto, Nelson",Hiroshima Carp
東 克樹,横浜DeNAベイスターズ,"Azuma, Katsuki",DeNA BayStars
伊勢 大夢,横浜DeNAベイスターズ,"Ise, Hiromu",DeNA BayStars
石田 健大,横浜DeNAベイスターズ,"Ishida, Kenta",DeNA BayStars
徳山 壮磨,横浜DeNAベイスターズ,"Tokuyama, Souma",DeNA BayStars
大貫 晋一,横浜DeNAベイスターズ,"Ohnuki, Shinichi",DeNA BayStars
三嶋 一輝,横浜DeNAベイスターズ,"Mishima, Kazuki",DeNA BayStars
小園 健太,横浜DeNAベイスターズ,"Kozono, Kenta",DeNA BayStars
山﨑 康晃,横浜DeNAベイスターズ,"Yamasaki, Yasuaki",DeNA BayStars
坂本 裕哉,横浜DeNAベイスターズ,"Sakamoto, Yuya",DeNA BayStars
入江 大生,横浜DeNAベイスターズ,"Irie, Taisei",DeNA BayStars
吉野 光樹,横浜DeNAベイスターズ,"Yoshino, Teruki",DeNA BayStars
濵口 遥大,横浜DeNAベイスターズ,"Hamaguchi, Haruhiro",DeNA BayStars
上茶谷 大河,横浜DeNAベイスターズ,"Kamichatani, Taiga",DeNA BayStars
三浦 銀二,横浜DeNAベイスターズ,"Miura, Ginji",DeNA BayStars
松本 凌人,横浜DeNAベイスターズ,"Matsumoto, Ryoto",DeNA BayStars
橋本 達弥,横浜DeNAベイスターズ,"Hashimoto, Tatsuya",DeNA BayStars
森下 瑠大,横浜DeNAベイスターズ,"Morishita, Ryudai",DeNA BayStars
森 唯斗,横浜DeNAベイスターズ,"Mori, Yuito",DeNA BayStars
松本 隆之介,横浜DeNAベイスターズ,"Matsumoto, Ryunosuke",DeNA BayStars
佐々木 千隼,横浜DeNAベイスターズ,"Sasaki, Chihaya",DeNA BayStars
ジャクソン,横浜DeNAベイスターズ,"Jackson, Andre",DeNA BayStars
深沢 鳳介,横浜DeNAベイスターズ,"Fukazawa, Osuke",DeNA BayStars
森原 康平,横浜DeNAベイスターズ,"Morihara, Kohei",DeNA BayStars
石川 達也,横浜DeNAベイスターズ,"Ishikawa, Tatsuya",DeNA BayStars
京山 将弥,横浜DeNAベイスターズ,"Kyoyama, Masaya",DeNA BayStars
ウェンデルケン,横浜DeNAベイスターズ,"Wendelken, J.B.",DeNA BayStars
中川 颯,横浜DeNAベイスターズ,"Nakagawa, Hayate",DeNA BayStars
石田 裕太郎,横浜DeNAベイスターズ,"Ishida, Yutaro",DeNA BayStars
髙田 琢登,横浜DeNAベイスターズ,"Takada, Takuto",DeNA BayStars
平良 拳太郎,横浜DeNAベイスターズ,"Taira, Kentaro",DeNA BayStars
ウィック,横浜DeNAベイスターズ,"Wick, Rowan",DeNA BayStars
中川 虎大,横浜DeNAベイスターズ,"Nakagawa, Koh",DeNA BayStars
宮城 滝太,横浜DeNAベイスターズ,"Miyagi, Daita",DeNA BayStars
ケイ,横浜DeNAベイスターズ,"Kay, Anthony",DeNA BayStars
堀岡 隼人,横浜DeNAベイスターズ,"Horioka, Hayato",DeNA BayStars
ディアス,横浜DeNAベイスターズ,"Diaz, Yofrec",DeNA BayStars
松尾 汐恩,横浜DeNAベイスターズ,"Matsuo, Shion",DeNA BayStars
戸柱 恭孝,横浜DeNAベイスターズ,"Tobashira, Yasutaka",DeNA BayStars
伊藤 光,横浜DeNAベイスターズ,"Itoh, Hikaru",DeNA BayStars
益子 京右,横浜DeNAベイスターズ,"Mashiko, Kyosuke",DeNA BayStars
山本 祐大,横浜DeNAベイスターズ,"Yamamoto, Yuudai",DeNA BayStars
東妻 純平,横浜DeNAベイスターズ,"Azuma, Junpei",DeNA BayStars
上甲 凌大,横浜DeNAベイスターズ,"Joko, Ryota",DeNA BayStars
林 琢真,横浜DeNAベイスターズ,"Hayashi, Takuma",DeNA BayStars
牧 秀悟,横浜DeNAベイスターズ,"Maki, Shugo",DeNA BayStars
オースティン,横浜DeNAベイスターズ,"Austin, Tyler",DeNA BayStars
森 敬斗,横浜DeNAベイスターズ,"Mori, Keito",DeNA BayStars
大和,横浜DeNAベイスターズ,"Maeda, Yamato",DeNA BayStars
柴田 竜拓,横浜DeNAベイスターズ,"Shibata, Tatsuhiro",DeNA BayStars
西浦 直亨,横浜DeNAベイスターズ,"Nishiura, Naomichi",DeNA BayStars
石上 泰輝,横浜DeNAベイスターズ,"Ishikami, Taiki",DeNA BayStars
宮﨑 敏郎,横浜DeNAベイスターズ,"Miyazaki, Toshiro",DeNA BayStars
井上 絢登,横浜DeNAベイスターズ,"Inoue, Kento",DeNA BayStars
知野 直人,横浜DeNAベイスターズ,"Chino, Naoto",DeNA BayStars
西巻 賢二,横浜DeNAベイスターズ,"Nishimaki, Kenji",DeNA BayStars
京田 陽太,横浜DeNAベイスターズ,"Kyoda, Yota",DeNA BayStars
フォード,横浜DeNAベイスターズ,"Ford, Mike",DeNA BayStars
大田 泰示,横浜DeNAベイスターズ,"Ohta, Taishi",DeNA BayStars
桑原 将志,横浜DeNAベイスターズ,"Kuwahara, Masayuki",DeNA BayStars
度会 隆輝,横浜DeNAベイスターズ,"Watarai, Ryuki",DeNA BayStars
佐野 恵太,横浜DeNAベイスターズ,"Sano, Keita",DeNA BayStars
神里 和毅,横浜DeNAベイスターズ,"Kamizato, Kazuki",DeNA BayStars
筒香 嘉智,横浜DeNAベイスターズ,"Tsutsugoh, Yoshitomo",DeNA BayStars
勝又 温史,横浜DeNAベイスターズ,"Katsumata, Atsushi",DeNA BayStars
武田 陸玖,横浜DeNAベイスターズ,"Takeda, Riku",DeNA BayStars
楠本 泰史,横浜DeNAベイスターズ,"Kusumoto, Taishi",DeNA BayStars
梶原 昂希,横浜DeNAベイスターズ,"Kajiwara, Kouki",DeNA BayStars
蝦名 達夫,横浜DeNAベイスターズ,"Ebina, Tatsuo",DeNA BayStars
関根 大気,横浜DeNAベイスターズ,"Sekine, Taiki",DeNA BayStars
草野 陽斗,横浜DeNAベイスターズ,"Kusano, Haruto",DeNA BayStars
清水 麻成,横浜DeNAベイスターズ,"Shimizu, Manato",DeNA BayStars
モロン,横浜DeNAベイスターズ,"Moron, Wilny",DeNA BayStars
渡辺 明貴,横浜DeNAベイスターズ,"Watanabe, Aki",DeNA BayStars
マルセリーノ,横浜DeNAベイスターズ,"Marcelino, Hansel",DeNA BayStars
今野 瑠斗,横浜DeNAベイスターズ,"Konno, Ryuto",DeNA BayStars
マルティネス,横浜DeNAベイスターズ,"Martinez, Alexander",DeNA BayStars
庄司 陽斗,横浜DeNAベイスターズ,"Shoji, Haruto",DeNA BayStars
九鬼 隆平,横浜DeNAベイスターズ,"Kuki, Ryuhei",DeNA BayStars
近藤 大雅,横浜DeNAベイスターズ,"Kondo, Taiga",DeNA BayStars
蓮,横浜DeNAベイスターズ,"Suzuki, Ren",DeNA BayStars
小笠原 蒼,横浜DeNAベイスターズ,"Ogasawara, Sou",DeNA BayStars
粟飯原 龍之介,横浜DeNAベイスターズ,"Aibara, Ryunosuke",DeNA BayStars
小深田 大地,横浜DeNAベイスターズ,"Kobukata, Daichi",DeNA BayStars
高見澤 郁魅,横浜DeNAベイスターズ,"Takamizawa, Ikumi",DeNA BayStars
村川 凪,横浜DeNAベイスターズ,"Murakawa, Nagi",DeNA BayStars
大勢,読売ジャイアンツ,"Ota, Taisei",Yomiuri Giants
西舘 勇陽,読売ジャイアンツ,"Nishidate, Yuhi",Yomiuri Giants
菅野 智之,読売ジャイアンツ,"Sugano, Tomoyuki",Yomiuri Giants
山﨑 伊織,読売ジャイアンツ,"Yamasaki, Iori",Yomiuri Giants
戸郷 翔征,読売ジャイアンツ,"Togo, Shosei",Yomiuri Giants
今村 信貴,読売ジャイアンツ,"Imamura, Nobutaka",Yomiuri Giants
高橋 礼,読売ジャイアンツ,"Takahashi, Rei",Yomiuri Giants
グリフィン,読売ジャイアンツ,"Griffin, Foster",Yomiuri Giants
近藤 大亮,読売ジャイアンツ,"Kondoh, Taisuke",Yomiuri Giants
赤星 優志,読売ジャイアンツ,"Akahoshi, Yuji",Yomiuri Giants
鈴木 康平,読売ジャイアンツ,"Suzuki, Kohei",Yomiuri Giants
ケラー,読売ジャイアンツ,"Keller, Kyle",Yomiuri Giants
馬場 皐輔,読売ジャイアンツ,"Baba, Kosuke",Yomiuri Giants
中川 皓太,読売ジャイアンツ,"Nakagawa, Kota",Yomiuri Giants
畠 世周,読売ジャイアンツ,"Hatake, Seishu",Yomiuri Giants
又木 鉄平,読売ジャイアンツ,"Mataki, Teppei",Yomiuri Giants
森田 駿哉,読売ジャイアンツ,"Morita, Shunya",Yomiuri Giants
田中 千晴,読売ジャイアンツ,"Tanaka, Chiharu",Yomiuri Giants
バルドナード,読売ジャイアンツ,"Baldonado, Alberto",Yomiuri Giants
伊藤 優輔,読売ジャイアンツ,"Itoh, Yusuke",Yomiuri Giants
高梨 雄平,読売ジャイアンツ,"Takanashi, Yuhei",Yomiuri Giants
直江 大輔,読売ジャイアンツ,"Naoe, Daisuke",Yomiuri Giants
石田 隼都,読売ジャイアンツ,"Ishita, Hayato",Yomiuri Giants
髙橋 優貴,読売ジャイアンツ,"Takahashi, Yuki",Yomiuri Giants
船迫 大雅,読売ジャイアンツ,"Funabasama, Hiromasa",Yomiuri Giants
横川 凱,読売ジャイアンツ,"Yokogawa, Kai",Yomiuri Giants
泉 圭輔,読売ジャイアンツ,"Izumi, Keisuke",Yomiuri Giants
大江 竜聖,読売ジャイアンツ,"Ohe, Ryusei",Yomiuri Giants
メンデス,読売ジャイアンツ,"Mendez, Yohander",Yomiuri Giants
平内 龍太,読売ジャイアンツ,"Heinai, Ryuta",Yomiuri Giants
代木 大和,読売ジャイアンツ,"Shiroki, Yamato",Yomiuri Giants
山田 龍聖,読売ジャイアンツ,"Yamada, Ryusei",Yomiuri Giants
堀田 賢慎,読売ジャイアンツ,"Hotta, Kenshin",Yomiuri Giants
松井 颯,読売ジャイアンツ,"Matsui, Hayate",Yomiuri Giants
菊地 大稀,読売ジャイアンツ,"Kikuchi, Taiki",Yomiuri Giants
井上 温大,読売ジャイアンツ,"Inoue, Haruto",Yomiuri Giants
京本 眞,読売ジャイアンツ,"Kyomoto, Makoto",Yomiuri Giants
小林 誠司,読売ジャイアンツ,"Kobayashi, Seiji",Yomiuri Giants
大城 卓三,読売ジャイアンツ,"Ohshiro, Takumi",Yomiuri Giants
岸田 行倫,読売ジャイアンツ,"Kishida, Yukinori",Yomiuri Giants
郡 拓也,読売ジャイアンツ,"Kohri, Takuya",Yomiuri Giants
山瀬 慎之助,読売ジャイアンツ,"Yamase, Shinnosuke",Yomiuri Giants
喜多 隆介,読売ジャイアンツ,"Kita, Ryusuke",Yomiuri Giants
湯浅 大,読売ジャイアンツ,"Yuasa, Dai",Yomiuri Giants
増田 大輝,読売ジャイアンツ,"Masuda, Daiki",Yomiuri Giants
吉川 尚輝,読売ジャイアンツ,"Yoshikawa, Naoki",Yomiuri Giants
門脇 誠,読売ジャイアンツ,"Kadowaki, Makoto",Yomiuri Giants
坂本 勇人,読売ジャイアンツ,"Sakamoto, Hayato",Yomiuri Giants
岡本 和真,読売ジャイアンツ,"Okamoto, Kazuma",Yomiuri Giants
泉口 友汰,読売ジャイアンツ,"Izuguchi, Yuta",Yomiuri Giants
若林 晃弘,読売ジャイアンツ,"Wakabayashi, Akihiro",Yomiuri Giants
モンテス,読売ジャイアンツ,"Montes, Coco",Yomiuri Giants
中山 礼都,読売ジャイアンツ,"Nakayama, Raito",Yomiuri Giants
秋広 優人,読売ジャイアンツ,"Akihiro, Yuto",Yomiuri Giants
菊田 拡和,読売ジャイアンツ,"Kikuta, Hirokazu",Yomiuri Giants
増田 陸,読売ジャイアンツ,"Masuda, Riku",Yomiuri Giants
中田 歩夢,読売ジャイアンツ,"Nakata, Ayumu",Yomiuri Giants
ウレーニャ,読売ジャイアンツ,"Urena, Estamy",Yomiuri Giants
長野 久義,読売ジャイアンツ,"Chono, Hisayoshi",Yomiuri Giants
丸 佳浩,読売ジャイアンツ,"Maru, Yoshihiro",Yomiuri Giants
萩尾 匡也,読売ジャイアンツ,"Hagio, Masaya",Yomiuri Giants
梶谷 隆幸,読売ジャイアンツ,"Kajitani, Takayuki",Yomiuri Giants
オドーア,読売ジャイアンツ,"Odor, Rougned",Yomiuri Giants
立岡 宗一郎,読売ジャイアンツ,"Tateoka, Soichiro",Yomiuri Giants
岡田 悠希,読売ジャイアンツ,"Okada, Yuki",Yomiuri Giants
ヘルナンデス,読売ジャイアンツ,"Hernandez, Elier",Yomiuri Giants
重信 慎之介,読売ジャイアンツ,"Shigenobu, Shinnosuke",Yomiuri Giants
佐々木 俊輔,読売ジャイアンツ,"Sasaki, Shunsuke",Yomiuri Giants
オコエ 瑠偉,読売ジャイアンツ,"Okoye, Louis",Yomiuri Giants
浅野 翔吾,読売ジャイアンツ,"Asano, Shogo",Yomiuri Giants
松原 聖弥,読売ジャイアンツ,"Matsubara, Seiya",Yomiuri Giants
若林 楽人,読売ジャイアンツ,"Wakabayashi, Gakuto",Yomiuri Giants
笠島 尚樹,読売ジャイアンツ,"Kasashima, Naoki",Yomiuri Giants
三浦 克也,読売ジャイアンツ,"Miura, Katsunari",Yomiuri Giants
川嵜 陽仁,読売ジャイアンツ,"Kawasaki, Haruto",Yomiuri Giants
千葉 隆広,読売ジャイアンツ,"Chiba, Takahiro",Yomiuri Giants
木下 幹也,読売ジャイアンツ,"Kinoshita, Motoya",Yomiuri Giants
園田 純規,読売ジャイアンツ,"Sonoda, Atsuki",Yomiuri Giants
戸田 懐生,読売ジャイアンツ,"Toda, Natsuki",Yomiuri Giants
小沼 健太,読売ジャイアンツ,"Onuma, Kenta",Yomiuri Giants
田村 朋輝,読売ジャイアンツ,"Tamura, Tomoki",Yomiuri Giants
吉村 優聖歩,読売ジャイアンツ,"Yoshimura, Yusefu",Yomiuri Giants
富田 龍,読売ジャイアンツ,"Tomida, Ryu",Yomiuri Giants
山﨑 友輔,読売ジャイアンツ,"Yamasaki, Yusuke",Yomiuri Giants
森本 哲星,読売ジャイアンツ,"Morimoto, Tessei",Yomiuri Giants
ルシアーノ,読売ジャイアンツ,"Luciano, Elvis",Yomiuri Giants
黄 錦豪,読売ジャイアンツ,"Huang, Chin-Hao",Yomiuri Giants
鴨打 瑛二,読売ジャイアンツ,"Kamouchi, Eiji",Yomiuri Giants
ラモス,読売ジャイアンツ,"Ramos, Eury",Yomiuri Giants
花田 侑樹,読売ジャイアンツ,"Hanada, Yuki",Yomiuri Giants
坂本 勇人,読売ジャイアンツ,"Sakamoto, Hayato",Yomiuri Giants
大津 綾也,読売ジャイアンツ,"Ohtsu, Ryoya",Yomiuri Giants
亀田 啓太,読売ジャイアンツ,"Kameda, Keita",Yomiuri Giants
前田 研輝,読売ジャイアンツ,"Maeda, Kenki",Yomiuri Giants
萩原 哲,読売ジャイアンツ,"Hagiwara, Tetsu",Yomiuri Giants
加藤 廉,読売ジャイアンツ,"Katoh, Ren",Yomiuri Giants
村山 源,読売ジャイアンツ,"Murayama, Gen",Yomiuri Giants
田上 優弥,読売ジャイアンツ,"Tanoue, Yuya",Yomiuri Giants
宇都宮 葵星,読売ジャイアンツ,"Utsunomiya, Kisara",Yomiuri Giants
相澤 白虎,読売ジャイアンツ,"Aizawa, Hakuto",Yomiuri Giants
岡本 大翔,読売ジャイアンツ,"Okamoto, Hiroto",Yomiuri Giants
北村 流音,読売ジャイアンツ,"Kitamura, Rio",Yomiuri Giants
鈴木 大和,読売ジャイアンツ,"Suzuki, Yamato",Yomiuri Giants
笹原 操希,読売ジャイアンツ,"Sasahara, Misaki",Yomiuri Giants
ティマ,読売ジャイアンツ,"Tima, Julian",Yomiuri Giants
三塚 琉生,読売ジャイアンツ,"Mitsuka, Rui",Yomiuri Giants
平山 功太,読売ジャイアンツ,"Hirayama, Kota",Yomiuri Giants
フルプ,読売ジャイアンツ,"Chlup, Marek",Yomiuri Giants
大城 元,読売ジャイアンツ,"Ohshiro, Gen",Yomiuri Giants
舟越 秀虎,読売ジャイアンツ,"Funakoshi, Hidetora",Yomiuri Giants
石山 泰稚,東京ヤクルトスワローズ,"Ishiyama, Taichi",Yakult Swallows
西舘 昂汰,東京ヤクルトスワローズ,"Nishidate, Kota",Yakult Swallows
山下 輝,東京ヤクルトスワローズ,"Yamashita, Hikaru",Yakult Swallows
原 樹理,東京ヤクルトスワローズ,"Hara, Juri",Yakult Swallows
清水 昇,東京ヤクルトスワローズ,"Shimizu, Noboru",Yakult Swallows
奥川 恭伸,東京ヤクルトスワローズ,"Okugawa, Yasunobu",Yakult Swallows
石川 雅規,東京ヤクルトスワローズ,"Ishikawa, Masanori",Yakult Swallows
木澤 尚文,東京ヤクルトスワローズ,"Kizawa, Naofumi",Yakult Swallows
吉村 貢司郎,東京ヤクルトスワローズ,"Yoshimura, Kojiro",Yakult Swallows
星 知弥,東京ヤクルトスワローズ,"Hoshi, Tomoya",Yakult Swallows
山野 太一,東京ヤクルトスワローズ,"Yamano, Taichi",Yakult Swallows
松本 健吾,東京ヤクルトスワローズ,"Matsumoto, Kengo",Yakult Swallows
小川 泰弘,東京ヤクルトスワローズ,"Ogawa, Yasuhiro",Yakult Swallows
田口 麗斗,東京ヤクルトスワローズ,"Taguchi, Kazuto",Yakult Swallows
石原 勇輝,東京ヤクルトスワローズ,"Ishihara, Yuki",Yakult Swallows
ロドリゲス,東京ヤクルトスワローズ,"Rodriguez, Elvin",Yakult Swallows
エスパーダ,東京ヤクルトスワローズ,"Espada, Jose",Yakult Swallows
高梨 裕稔,東京ヤクルトスワローズ,"Takanashi, Hirotoshi",Yakult Swallows
柴田 大地,東京ヤクルトスワローズ,"Shibata, Daichi",Yakult Swallows
山本 大貴,東京ヤクルトスワローズ,"Yamamoto, Daiki",Yakult Swallows
大西 広樹,東京ヤクルトスワローズ,"Ohnishi, Hiroki",Yakult Swallows
小澤 怜史,東京ヤクルトスワローズ,"Kozawa, Reiji",Yakult Swallows
高橋 奎二,東京ヤクルトスワローズ,"Takahashi, Keiji",Yakult Swallows
金久保 優斗,東京ヤクルトスワローズ,"Kanakubo, Yuto",Yakult Swallows
嘉弥真 新也,東京ヤクルトスワローズ,"Kayama, Shinya",Yakult Swallows
尾仲 祐哉,東京ヤクルトスワローズ,"Onaka, Yuya",Yakult Swallows
長谷川 宙輝,東京ヤクルトスワローズ,"Hasegawa, Hiroki",Yakult Swallows
サイスニード,東京ヤクルトスワローズ,"Sneed, Cy",Yakult Swallows
坂本 拓己,東京ヤクルトスワローズ,"Sakamoto, Takumi",Yakult Swallows
阪口 皓亮,東京ヤクルトスワローズ,"Sakaguchi, Kousuke",Yakult Swallows
宮川 哲,東京ヤクルトスワローズ,"Miyagawa, Tetsu",Yakult Swallows
竹山 日向,東京ヤクルトスワローズ,"Takeyama, Hyuga",Yakult Swallows
丸山 翔大,東京ヤクルトスワローズ,"Maruyama, Shota",Yakult Swallows
今野 龍太,東京ヤクルトスワローズ,"Konno, Ryuta",Yakult Swallows
ヤフーレ,東京ヤクルトスワローズ,"Yajure, Miguel",Yakult Swallows
中村 悠平,東京ヤクルトスワローズ,"Nakamura, Yuhei",Yakult Swallows
西田 明央,東京ヤクルトスワローズ,"Nishida, Akihisa",Yakult Swallows
松本 直樹,東京ヤクルトスワローズ,"Matsumoto, Naoki",Yakult Swallows
内山 壮真,東京ヤクルトスワローズ,"Uchiyama, Souma",Yakult Swallows
古賀 優大,東京ヤクルトスワローズ,"Koga, Yudai",Yakult Swallows
鈴木 叶,東京ヤクルトスワローズ,"Suzuki, Kyo",Yakult Swallows
中川 拓真,東京ヤクルトスワローズ,"Nakagawa, Takuma",Yakult Swallows
橋本 星哉,東京ヤクルトスワローズ,"Hashimoto, Seiya",Yakult Swallows
赤羽 由紘,東京ヤクルトスワローズ,"Akahane, Yoshihiro",Yakult Swallows
山田 哲人,東京ヤクルトスワローズ,"Yamada, Tetsuto",Yakult Swallows
川端 慎吾,東京ヤクルトスワローズ,"Kawabata, Shingo",Yakult Swallows
長岡 秀樹,東京ヤクルトスワローズ,"Nagaoka, Hideki",Yakult Swallows
宮本 丈,東京ヤクルトスワローズ,"Miyamoto, Takeshi",Yakult Swallows
オスナ,東京ヤクルトスワローズ,"Osuna, Jose",Yakult Swallows
西村 瑠伊斗,東京ヤクルトスワローズ,"Nishimura, Ruito",Yakult Swallows
北村 拓己,東京ヤクルトスワローズ,"Kitamura, Takumi",Yakult Swallows
太田 賢吾,東京ヤクルトスワローズ,"Ohta, Kengo",Yakult Swallows
北村 恵吾,東京ヤクルトスワローズ,"Kitamura, Keigo",Yakult Swallows
村上 宗隆,東京ヤクルトスワローズ,"Murakami, Munetaka",Yakult Swallows
小森 航大郎,東京ヤクルトスワローズ,"Komori, Kohtaro",Yakult Swallows
武岡 龍世,東京ヤクルトスワローズ,"Takeoka, Ryusei",Yakult Swallows
増田 珠,東京ヤクルトスワローズ,"Masuda, Shu",Yakult Swallows
三ツ俣 大樹,東京ヤクルトスワローズ,"Mitsumata, Taiki",Yakult Swallows
伊藤 琉偉,東京ヤクルトスワローズ,"Itoh, Ryui",Yakult Swallows
並木 秀尊,東京ヤクルトスワローズ,"Namiki, Hidetaka",Yakult Swallows
西川 遥輝,東京ヤクルトスワローズ,"Nishikawa, Haruki",Yakult Swallows
丸山 和郁,東京ヤクルトスワローズ,"Maruyama, Kazuya",Yakult Swallows
塩見 泰隆,東京ヤクルトスワローズ,"Shiomi, Yasutaka",Yakult Swallows
青木 宣親,東京ヤクルトスワローズ,"Aoki, Norichika",Yakult Swallows
サンタナ,東京ヤクルトスワローズ,"Santana, Domingo",Yakult Swallows
山崎 晃大朗,東京ヤクルトスワローズ,"Yamasaki, Kotaro",Yakult Swallows
澤井 廉,東京ヤクルトスワローズ,"Sawai, Ren",Yakult Swallows
濱田 太貴,東京ヤクルトスワローズ,"Hamada, Taiki",Yakult Swallows
岩田 幸宏,東京ヤクルトスワローズ,"Iwata, Yukihiro",Yakult Swallows
近藤 弘樹,東京ヤクルトスワローズ,"Kondoh, Hiroki",Yakult Swallows
嘉手苅 浩太,東京ヤクルトスワローズ,"Katekaru, Kouta",Yakult Swallows
沼田 翔平,東京ヤクルトスワローズ,"Numata, Shohei",Yakult Swallows
翔聖,東京ヤクルトスワローズ,"Takahashi, Shosei",Yakult Swallows
下 慎之介,東京ヤクルトスワローズ,"Shimo, Shinnosuke",Yakult Swallows
フェリペ,東京ヤクルトスワローズ,"Kisu, Felipe",Yakult Swallows
髙野 颯太,東京ヤクルトスワローズ,"Takano, Souta",Yakult Swallows
根尾 昂,中日ドラゴンズ,"Neo, Akira",Chunichi Dragons
小笠原 慎之介,中日ドラゴンズ,"Ogasawara, Shinnosuke",Chunichi Dragons
田島 慎二,中日ドラゴンズ,"Tajima, Shinji",Chunichi Dragons
橋本 侑樹,中日ドラゴンズ,"Hashimoto, Yuki",Chunichi Dragons
草加 勝,中日ドラゴンズ,"Kusaka, Sho",Chunichi Dragons
岩嵜 翔,中日ドラゴンズ,"Iwasaki, Sho",Chunichi Dragons
柳 裕也,中日ドラゴンズ,"Yanagi, Yuya",Chunichi Dragons
梅津 晃大,中日ドラゴンズ,"Umetsu, Kodai",Chunichi Dragons
髙橋 宏斗,中日ドラゴンズ,"Takahashi, Hiroto",Chunichi Dragons
涌井 秀章,中日ドラゴンズ,"Wakui, Hideaki",Chunichi Dragons
大野 雄大,中日ドラゴンズ,"Ohno, Yudai",Chunichi Dragons
福谷 浩司,中日ドラゴンズ,"Fukutani, Koji",Chunichi Dragons
石森 大誠,中日ドラゴンズ,"Ishimori, Taisei",Chunichi Dragons
森 博人,中日ドラゴンズ,"Mori, Hiroto",Chunichi Dragons
仲地 礼亜,中日ドラゴンズ,"Nakachi, Reia",Chunichi Dragons
祖父江 大輔,中日ドラゴンズ,"Sobue, Daisuke",Chunichi Dragons
福 敬登,中日ドラゴンズ,"Fuku, Hiroto",Chunichi Dragons
福田 幸之介,中日ドラゴンズ,"Fukuda, Konosuke",Chunichi Dragons
松葉 貴大,中日ドラゴンズ,"Matsuba, Takahiro",Chunichi Dragons
勝野 昌慶,中日ドラゴンズ,"Katsuno, Akiyoshi",Chunichi Dragons
梅野 雄吾,中日ドラゴンズ,"Umeno, Yugo",Chunichi Dragons
砂田 毅樹,中日ドラゴンズ,"Sunada, Yoshiki",Chunichi Dragons
土生 翔太,中日ドラゴンズ,"Habu, Shohta",Chunichi Dragons
清水 達也,中日ドラゴンズ,"Shimizu, Tatsuya",Chunichi Dragons
藤嶋 健人,中日ドラゴンズ,"Fujishima, Kento",Chunichi Dragons
齋藤 綱記,中日ドラゴンズ,"Saitoh, Kohki",Chunichi Dragons
福島 章太,中日ドラゴンズ,"Fukushima, Shota",Chunichi Dragons
上田 洸太朗,中日ドラゴンズ,"Ueda, Kotaro",Chunichi Dragons
松木平 優太,中日ドラゴンズ,"Matsukihira, Yuta",Chunichi Dragons
松山 晋也,中日ドラゴンズ,"Matsuyama, Shinya",Chunichi Dragons
メヒア,中日ドラゴンズ,"Mejia, Humberto",Chunichi Dragons
マルティネス,中日ドラゴンズ,"Martinez, Raidel",Chunichi Dragons
フェリス,中日ドラゴンズ,"Feliz, Michael",Chunichi Dragons
加藤 竜馬,中日ドラゴンズ,"Kato, Ryuma",Chunichi Dragons
木下 拓哉,中日ドラゴンズ,"Kinoshita, Takuya",Chunichi Dragons
宇佐見 真吾,中日ドラゴンズ,"Usami, Shingo",Chunichi Dragons
味谷 大誠,中日ドラゴンズ,"Miya, Taisei",Chunichi Dragons
加藤 匠馬,中日ドラゴンズ,"Katoh, Takuma",Chunichi Dragons
山浅 龍之介,中日ドラゴンズ,"Yamaasa, Ryunosuke",Chunichi Dragons
石橋 康太,中日ドラゴンズ,"Ishibashi, Kota",Chunichi Dragons
田中 幹也,中日ドラゴンズ,"Tanaka, Mikiya",Chunichi Dragons
高橋 周平,中日ドラゴンズ,"Takahashi, Shuhei",Chunichi Dragons
村松 開人,中日ドラゴンズ,"Muramatsu, Kaito",Chunichi Dragons
中田 翔,中日ドラゴンズ,"Nakata, Sho",Chunichi Dragons
中島 宏之,中日ドラゴンズ,"Nakajima, Hiroyuki",Chunichi Dragons
石川 昂弥,中日ドラゴンズ,"Ishikawa, Takaya",Chunichi Dragons
津田 啓史,中日ドラゴンズ,"Tsuda, Keishi",Chunichi Dragons
辻本 倫太郎,中日ドラゴンズ,"Tsujimoto, Rintaro",Chunichi Dragons
石垣 雅海,中日ドラゴンズ,"Ishigaki, Masami",Chunichi Dragons
龍空,中日ドラゴンズ,"Tsuchida, Ryuku",Chunichi Dragons
山本 泰寛,中日ドラゴンズ,"Yamamoto, Yasuhiro",Chunichi Dragons
ビシエド,中日ドラゴンズ,"Viciedo, Dayan",Chunichi Dragons
福永 裕基,中日ドラゴンズ,"Fukunaga, Hiroki",Chunichi Dragons
ロドリゲス,中日ドラゴンズ,"Rodriguez, Christian",Chunichi Dragons
樋口 正修,中日ドラゴンズ,"Higuchi, Seishu",Chunichi Dragons
カリステ,中日ドラゴンズ,"Calixte, Orlando",Chunichi Dragons
尾田 剛樹,中日ドラゴンズ,"Oda, Gouki",Chunichi Dragons
岡林 勇希,中日ドラゴンズ,"Okabayashi, Yuki",Chunichi Dragons
鵜飼 航丞,中日ドラゴンズ,"Ukai, Kosuke",Chunichi Dragons
大島 洋平,中日ドラゴンズ,"Ohshima, Yohei",Chunichi Dragons
三好 大倫,中日ドラゴンズ,"Miyoshi, Hironori",Chunichi Dragons
濱 将乃介,中日ドラゴンズ,"Hama, Shonosuke",Chunichi Dragons
ブライト 健太,中日ドラゴンズ,"Bright, Kenta",Chunichi Dragons
川越 誠司,中日ドラゴンズ,"Kawagoe, Seiji",Chunichi Dragons
上林 誠知,中日ドラゴンズ,"Uebayashi, Seiji",Chunichi Dragons
加藤 翔平,中日ドラゴンズ,"Katoh, Shohei",Chunichi Dragons
後藤 駿太,中日ドラゴンズ,"Gotoh, Shunta",Chunichi Dragons
細川 成也,中日ドラゴンズ,"Hosokawa, Seiya",Chunichi Dragons
板山 祐太郎,中日ドラゴンズ,"Itayama, Yutaro",Chunichi Dragons
ディカーソン,中日ドラゴンズ,"Dickerson, Alex",Chunichi Dragons
竹内 龍臣,中日ドラゴンズ,"Takeuchi, Ryushin",Chunichi Dragons
アルバレス,中日ドラゴンズ,"Alvarez, Frank",Chunichi Dragons
加藤 翼,中日ドラゴンズ,"Kato, Tsubasa",Chunichi Dragons
垣越 建伸,中日ドラゴンズ,"Kakigoshi, Kenshin",Chunichi Dragons
石川 翔,中日ドラゴンズ,"Ishikawa, Sho",Chunichi Dragons
岡田 俊哉,中日ドラゴンズ,"Okada, Toshiya",Chunichi Dragons
野中 天翔,中日ドラゴンズ,"Nonaka, Tento",Chunichi Dragons
森山 暁生,中日ドラゴンズ,"Moriyama, Akio",Chunichi Dragons
近藤 廉,中日ドラゴンズ,"Kondo, Ren",Chunichi Dragons
菊田 翔友,中日ドラゴンズ,"Kikuta, Towa",Chunichi Dragons
日渡 騰輝,中日ドラゴンズ,"Hiwatari, Touki",Chunichi Dragons
星野 真生,中日ドラゴンズ,"Hoshino, Mao",Chunichi Dragons
川上 理偉,中日ドラゴンズ,"Kawakami, Rii",Chunichi Dragons
福元 悠真,中日ドラゴンズ,"Fukumoto, Yuma",Chunichi Dragons
モニエル,中日ドラゴンズ,"Monier, Carlos",Chunichi Dragons
エスピノーザ,オリックス・バファローズ,"Espinoza, Anderson",ORIX Buffaloes
山下 舜平大,オリックス・バファローズ,"Yamashita, Shunpeita",ORIX Buffaloes
東 晃平,オリックス・バファローズ,"Azuma, Kohei",ORIX Buffaloes
宮城 大弥,オリックス・バファローズ,"Miyagi, Hiroya",ORIX Buffaloes
宇田川 優希,オリックス・バファローズ,"Udagawa, Yuki",ORIX Buffaloes
椋木 蓮,オリックス・バファローズ,"Mukunoki, Ren",ORIX Buffaloes
平野 佳寿,オリックス・バファローズ,"Hirano, Yoshihisa",ORIX Buffaloes
曽谷 龍平,オリックス・バファローズ,"Sotani, Ryuhei",ORIX Buffaloes
山岡 泰輔,オリックス・バファローズ,"Yamaoka, Taisuke",ORIX Buffaloes
阿部 翔太,オリックス・バファローズ,"Abe, Shota",ORIX Buffaloes
山﨑 颯一郎,オリックス・バファローズ,"Yamazaki, Soichiro",ORIX Buffaloes
村西 良太,オリックス・バファローズ,"Muranishi, Ryota",ORIX Buffaloes
吉田 輝星,オリックス・バファローズ,"Yoshida, Kosei",ORIX Buffaloes
齋藤 響介,オリックス・バファローズ,"Saito, Kyosuke",ORIX Buffaloes
富山 凌雅,オリックス・バファローズ,"Tomiyama, Ryoga",ORIX Buffaloes
田嶋 大樹,オリックス・バファローズ,"Tajima, Daiki",ORIX Buffaloes
比嘉 幹貴,オリックス・バファローズ,"Higa, Motoki",ORIX Buffaloes
マチャド,オリックス・バファローズ,"Machado, Andres",ORIX Buffaloes
前 佑囲斗,オリックス・バファローズ,"Mae, Yuito",ORIX Buffaloes
本田 仁海,オリックス・バファローズ,"Honda, Hitomi",ORIX Buffaloes
東松 快征,オリックス・バファローズ,"Toumatsu, Kaisei",ORIX Buffaloes
横山 楓,オリックス・バファローズ,"Yokoyama, Kaede",ORIX Buffaloes
カスティーヨ,オリックス・バファローズ,"Castillo, Luis",ORIX Buffaloes
小木田 敦也,オリックス・バファローズ,"Kogita, Atsuya",ORIX Buffaloes
山田 修義,オリックス・バファローズ,"Yamada, Nobuyoshi",ORIX Buffaloes
井口 和朋,オリックス・バファローズ,"Iguchi, Kazutomo",ORIX Buffaloes
ペルドモ,オリックス・バファローズ,"Perdomo, Luis",ORIX Buffaloes
河内 康介,オリックス・バファローズ,"Kawachi, Kosuke",ORIX Buffaloes
鈴木 博志,オリックス・バファローズ,"Suzuki, Hiroshi",ORIX Buffaloes
佐藤 一磨,オリックス・バファローズ,"Satoh, Kazuma",ORIX Buffaloes
川瀬 堅斗,オリックス・バファローズ,"Kawase, Kento",ORIX Buffaloes
才木 海翔,オリックス・バファローズ,"Saiki, Kaito",ORIX Buffaloes
髙島 泰都,オリックス・バファローズ,"Takashima, Taito",ORIX Buffaloes
古田島 成龍,オリックス・バファローズ,"Kotajima, Seiryu",ORIX Buffaloes
権田 琉成,オリックス・バファローズ,"Gonda, Ryusei",ORIX Buffaloes
若月 健矢,オリックス・バファローズ,"Wakatsuki, Kenya",ORIX Buffaloes
森 友哉,オリックス・バファローズ,"Mori, Tomoya",ORIX Buffaloes
福永 奨,オリックス・バファローズ,"Fukunaga, Sho",ORIX Buffaloes
石川 亮,オリックス・バファローズ,"Ishikawa, Ryo",ORIX Buffaloes
頓宮 裕真,オリックス・バファローズ,"Tongu, Yuma",ORIX Buffaloes
堀 柊那,オリックス・バファローズ,"Hori, Shuna",ORIX Buffaloes
安達 了一,オリックス・バファローズ,"Adachi, Ryoichi",ORIX Buffaloes
西野 真弘,オリックス・バファローズ,"Nishino, Masahiro",ORIX Buffaloes
宗 佑磨,オリックス・バファローズ,"Mune, Yuma",ORIX Buffaloes
ゴンザレス,オリックス・バファローズ,"Gonzalez, Marwin",ORIX Buffaloes
野口 智哉,オリックス・バファローズ,"Noguchi, Tomoya",ORIX Buffaloes
大城 滉二,オリックス・バファローズ,"Ohshiro, Koji",ORIX Buffaloes
紅林 弘太郎,オリックス・バファローズ,"Kurebayashi, Kotaro",ORIX Buffaloes
内藤 鵬,オリックス・バファローズ,"Naito, Ho",ORIX Buffaloes
廣岡 大志,オリックス・バファローズ,"Hirooka, Taishi",ORIX Buffaloes
太田 椋,オリックス・バファローズ,"Ohta, Ryo",ORIX Buffaloes
横山 聖哉,オリックス・バファローズ,"Yokoyama, Seiya",ORIX Buffaloes
山足 達也,オリックス・バファローズ,"Yamaashi, Tatsuya",ORIX Buffaloes
セデーニョ,オリックス・バファローズ,"Cedeno, Leandro",ORIX Buffaloes
宜保 翔,オリックス・バファローズ,"Gibo, Sho",ORIX Buffaloes
大里 昂生,オリックス・バファローズ,"Ohsato, Kosei",ORIX Buffaloes
中川 圭太,オリックス・バファローズ,"Nakagawa, Keita",ORIX Buffaloes
渡部 遼人,オリックス・バファローズ,"Watanabe, Haruto",ORIX Buffaloes
福田 周平,オリックス・バファローズ,"Fukuda, Shuhei",ORIX Buffaloes
西川 龍馬,オリックス・バファローズ,"Nishikawa, Ryoma",ORIX Buffaloes
元 謙太,オリックス・バファローズ,"Gen, Kendai",ORIX Buffaloes
杉澤 龍,オリックス・バファローズ,"Sugisawa, Ryu",ORIX Buffaloes
来田 涼斗,オリックス・バファローズ,"Kita, Ryoto",ORIX Buffaloes
池田 陵真,オリックス・バファローズ,"Ikeda, Ryoma",ORIX Buffaloes
佐野 皓大,オリックス・バファローズ,"Sano, Kodai",ORIX Buffaloes
トーマス,オリックス・バファローズ,"Thomas, Cody",ORIX Buffaloes
小田 裕也,オリックス・バファローズ,"Oda, Yuya",ORIX Buffaloes
T-岡田,オリックス・バファローズ,"Okada, Takahiro",ORIX Buffaloes
茶野 篤政,オリックス・バファローズ,"Chano, Tokumasa",ORIX Buffaloes
杉本 裕太郎,オリックス・バファローズ,"Sugimoto, Yutaro",ORIX Buffaloes
中田 惟斗,オリックス・バファローズ,"Nakata, Yuito",ORIX Buffaloes
入山 海斗,オリックス・バファローズ,"Iriyama, Kaito",ORIX Buffaloes
寿賀 弘都,オリックス・バファローズ,"Suga, Hiroto",ORIX Buffaloes
大江 海透,オリックス・バファローズ,"Ohe, Kaito",ORIX Buffaloes
宮國 凌空,オリックス・バファローズ,"Miyaguni, Riku",ORIX Buffaloes
芦田 丈飛,オリックス・バファローズ,"Ashida, Taketo",ORIX Buffaloes
小野 泰己,オリックス・バファローズ,"Ono, Taiki",ORIX Buffaloes
村上 喬一朗,オリックス・バファローズ,"Murakami, Kyoichiro",ORIX Buffaloes
河野 聡太,オリックス・バファローズ,"Kawano, Sota",ORIX Buffaloes
上野 響平,オリックス・バファローズ,"Ueno, Kyohei",ORIX Buffaloes
香月 一也,オリックス・バファローズ,"Katsuki, Kazuya",ORIX Buffaloes
平野 大和,オリックス・バファローズ,"Hirano, Yamato",ORIX Buffaloes
山中 尭之,オリックス・バファローズ,"Yamanaka, Takayuki",ORIX Buffaloes
木下 元秀,オリックス・バファローズ,"Kinoshita, Motohide",ORIX Buffaloes
澤村 拓一,千葉ロッテマリーンズ,"Sawamura, Hirokazu",Lotte Marines
石川 歩,千葉ロッテマリーンズ,"Ishikawa, Ayumu",Lotte Marines
小島 和哉,千葉ロッテマリーンズ,"Ojima, Kazuya",Lotte Marines
美馬 学,千葉ロッテマリーンズ,"Mima, Manabu",Lotte Marines
種市 篤暉,千葉ロッテマリーンズ,"Taneichi, Atsuki",Lotte Marines
佐々木 朗希,千葉ロッテマリーンズ,"Sasaki, Roki",Lotte Marines
二木 康太,千葉ロッテマリーンズ,"Futaki, Kota",Lotte Marines
唐川 侑己,千葉ロッテマリーンズ,"Karakawa, Yuki",Lotte Marines
東條 大樹,千葉ロッテマリーンズ,"Tojo, Taiki",Lotte Marines
東妻 勇輔,千葉ロッテマリーンズ,"Azuma, Yusuke",Lotte Marines
菊地 吏玖,千葉ロッテマリーンズ,"Kikuchi, Riku",Lotte Marines
西野 勇士,千葉ロッテマリーンズ,"Nishino, Yuji",Lotte Marines
廣畑 敦也,千葉ロッテマリーンズ,"Hirohata, Atsuya",Lotte Marines
大谷 輝龍,千葉ロッテマリーンズ,"Ohtani, Hikaru",Lotte Marines
八木 彬,千葉ロッテマリーンズ,"Yagi, Akira",Lotte Marines
高野 脩汰,千葉ロッテマリーンズ,"Takano, Shuta",Lotte Marines
田中 晴也,千葉ロッテマリーンズ,"Tanaka, Haruya",Lotte Marines
坂本 光士郎,千葉ロッテマリーンズ,"Sakamoto, Koshiro",Lotte Marines
小野 郁,千葉ロッテマリーンズ,"Ono, Fumiya",Lotte Marines
西村 天裕,千葉ロッテマリーンズ,"Nishimura, Takahiro",Lotte Marines
ダイクストラ,千葉ロッテマリーンズ,"Dykstra, James",Lotte Marines
カイケル,千葉ロッテマリーンズ,"Keuchel, Dallas",Lotte Marines
メルセデス,千葉ロッテマリーンズ,"Mercedes, Cristopher Crisostomo",Lotte Marines
秋山 正雲,千葉ロッテマリーンズ,"Akiyama, Seiun",Lotte Marines
岩下 大輝,千葉ロッテマリーンズ,"Iwashita, Daiki",Lotte Marines
鈴木 昭汰,千葉ロッテマリーンズ,"Suzuki, Shota",Lotte Marines
中村 稔弥,千葉ロッテマリーンズ,"Nakamura, Toshiya",Lotte Marines
本前 郁也,千葉ロッテマリーンズ,"Motomae, Fumiya",Lotte Marines
益田 直也,千葉ロッテマリーンズ,"Masuda, Naoya",Lotte Marines
木村 優人,千葉ロッテマリーンズ,"Kimura, Yuto",Lotte Marines
中森 俊介,千葉ロッテマリーンズ,"Nakamori, Shunsuke",Lotte Marines
河村 説人,千葉ロッテマリーンズ,"Kawamura, Tokito",Lotte Marines
早坂 響,千葉ロッテマリーンズ,"Hayasaka, Oto",Lotte Marines
横山 陸人,千葉ロッテマリーンズ,"Yokoyama, Rikuto",Lotte Marines
森 遼大朗,千葉ロッテマリーンズ,"Mori, Ryotaro",Lotte Marines
フェルナンデス,千葉ロッテマリーンズ,"Fernandez, Junior",Lotte Marines
澤田 圭佑,千葉ロッテマリーンズ,"Sawada, Keisuke",Lotte Marines
コルデロ,千葉ロッテマリーンズ,"Cordero, Jimmy",Lotte Marines
二保 旭,千葉ロッテマリーンズ,"Niho, Akira",Lotte Marines
国吉 佑樹,千葉ロッテマリーンズ,"Kuniyoshi, Yuki",Lotte Marines
吉田 凌,千葉ロッテマリーンズ,"Yoshida, Ryo",Lotte Marines
松川 虎生,千葉ロッテマリーンズ,"Matsukawa, Kou",Lotte Marines
田村 龍弘,千葉ロッテマリーンズ,"Tamura, Tatsuhiro",Lotte Marines
佐藤 都志也,千葉ロッテマリーンズ,"Satoh, Toshiya",Lotte Marines
植田 将太,千葉ロッテマリーンズ,"Ueda, Shota",Lotte Marines
柿沼 友哉,千葉ロッテマリーンズ,"Kakinuma, Tomoya",Lotte Marines
寺地 隆成,千葉ロッテマリーンズ,"Terachi, Ryusei",Lotte Marines
池田 来翔,千葉ロッテマリーンズ,"Ikeda, Raito",Lotte Marines
友杉 篤輝,千葉ロッテマリーンズ,"Tomosugi, Atsuki",Lotte Marines
安田 尚憲,千葉ロッテマリーンズ,"Yasuda, Hisanori",Lotte Marines
藤岡 裕大,千葉ロッテマリーンズ,"Fujioka, Yudai",Lotte Marines
中村 奨吾,千葉ロッテマリーンズ,"Nakamura, Shogo",Lotte Marines
上田 希由翔,千葉ロッテマリーンズ,"Ueda, Kyuto",Lotte Marines
平沢 大河,千葉ロッテマリーンズ,"Hirasawa, Taiga",Lotte Marines
大下 誠一郎,千葉ロッテマリーンズ,"Ohshita, Seiichiro",Lotte Marines
井上 晴哉,千葉ロッテマリーンズ,"Inoue, Seiya",Lotte Marines
小川 龍成,千葉ロッテマリーンズ,"Ogawa, Ryusei",Lotte Marines
茶谷 健太,千葉ロッテマリーンズ,"Chatani, Kenta",Lotte Marines
金田 優太,千葉ロッテマリーンズ,"Kaneda, Yuta",Lotte Marines
ソト,千葉ロッテマリーンズ,"Soto, Neftali",Lotte Marines
荻野 貴司,千葉ロッテマリーンズ,"Ogino, Takashi",Lotte Marines
藤原 恭大,千葉ロッテマリーンズ,"Fujiwara, Kyota",Lotte Marines
角中 勝也,千葉ロッテマリーンズ,"Kakunaka, Katsuya",Lotte Marines
ポランコ,千葉ロッテマリーンズ,"Polanco, Gregory",Lotte Marines
石川 慎吾,千葉ロッテマリーンズ,"Ishikawa, Shingo",Lotte Marines
岡 大海,千葉ロッテマリーンズ,"Oka, Hiromi",Lotte Marines
髙部 瑛斗,千葉ロッテマリーンズ,"Takabe, Akito",Lotte Marines
愛斗,千葉ロッテマリーンズ,"Takeda, Aito",Lotte Marines
山口 航輝,千葉ロッテマリーンズ,"Yamaguchi, Koki",Lotte Marines
山本 大斗,千葉ロッテマリーンズ,"Yamamoto, Daito",Lotte Marines
和田 康士朗,千葉ロッテマリーンズ,"Wada, Koshiro",Lotte Marines
菅野 剛士,千葉ロッテマリーンズ,"Sugano, Tsuyoshi",Lotte Marines
田中 楓基,千葉ロッテマリーンズ,"Tanaka, Fuki",Lotte Marines
土肥 星也,千葉ロッテマリーンズ,"Dohi, Seiya",Lotte Marines
古谷 拓郎,千葉ロッテマリーンズ,"Furuya, Takuro",Lotte Marines
永島田 輝斗,千葉ロッテマリーンズ,"Nagashimada, Kirato",Lotte Marines
吉川 悠斗,千葉ロッテマリーンズ,"Yoshikawa, Yuto",Lotte Marines
白濱 快起,千葉ロッテマリーンズ,"Shirahama, Kaiki",Lotte Marines
武内 涼太,千葉ロッテマリーンズ,"Takeuchi, Ryota",Lotte Marines
村山 亮介,千葉ロッテマリーンズ,"Murayama, Ryosuke",Lotte Marines
富山 紘之進,千葉ロッテマリーンズ,"Tomiyama, Konoshin",Lotte Marines
勝又 琉偉,千葉ロッテマリーンズ,"Katsumata, Rui",Lotte Marines
黒川 凱星,千葉ロッテマリーンズ,"Kurokawa, Kaisei",Lotte Marines
松石 信八,千葉ロッテマリーンズ,"Matsuishi, Shinya",Lotte Marines
髙野 光海,千葉ロッテマリーンズ,"Kohno, Hikaru",Lotte Marines
藤田 和樹,千葉ロッテマリーンズ,"Fujita, Kazuki",Lotte Marines
マーティン,千葉ロッテマリーンズ,"Martin, Andy",Lotte Marines
風間 球打,福岡ソフトバンクホークス,"Kazama, Kyuta",SoftBank Hawks
スチュワート・ジュニア,福岡ソフトバンクホークス,"Stewart, Jr., Carter",SoftBank Hawks
津森 宥紀,福岡ソフトバンクホークス,"Tsumori, Yuki",SoftBank Hawks
又吉 克樹,福岡ソフトバンクホークス,"Matayoshi, Katsuki",SoftBank Hawks
東浜 巨,福岡ソフトバンクホークス,"Higashihama, Nao",SoftBank Hawks
有原 航平,福岡ソフトバンクホークス,"Arihara, Kohei",SoftBank Hawks
武田 翔太,福岡ソフトバンクホークス,"Takeda, Shota",SoftBank Hawks
中村 亮太,福岡ソフトバンクホークス,"Nakamura, Ryota",SoftBank Hawks
和田 毅,福岡ソフトバンクホークス,"Wada, Tsuyoshi",SoftBank Hawks
大津 亮介,福岡ソフトバンクホークス,"Ohtsu, Ryosuke",SoftBank Hawks
岩井 俊介,福岡ソフトバンクホークス,"Iwai, Shunsuke",SoftBank Hawks
石川 柊太,福岡ソフトバンクホークス,"Ishikawa, Shuta",SoftBank Hawks
村田 賢一,福岡ソフトバンクホークス,"Murata, Kenichi",SoftBank Hawks
モイネロ,福岡ソフトバンクホークス,"Moinelo, Livan",SoftBank Hawks
澤柳 亮太郎,福岡ソフトバンクホークス,"Sawayanagi, Ryotaro",SoftBank Hawks
尾形 崇斗,福岡ソフトバンクホークス,"Ogata, Shuto",SoftBank Hawks
杉山 一樹,福岡ソフトバンクホークス,"Sugiyama, Kazuki",SoftBank Hawks
前田 悠伍,福岡ソフトバンクホークス,"Maeda, Yugo",SoftBank Hawks
三浦 瑞樹,福岡ソフトバンクホークス,"Miura, Mizuki",SoftBank Hawks
大関 友久,福岡ソフトバンクホークス,"Ohzeki, Tomohisa",SoftBank Hawks
藤井 皓哉,福岡ソフトバンクホークス,"Fujii, Kouya",SoftBank Hawks
松本 晴,福岡ソフトバンクホークス,"Matsumoto, Haru",SoftBank Hawks
板東 湧梧,福岡ソフトバンクホークス,"Bandoh, Yugo",SoftBank Hawks
前田 純,福岡ソフトバンクホークス,"Maeda, Jun",SoftBank Hawks
大山 凌,福岡ソフトバンクホークス,"Ohyama, Ryo",SoftBank Hawks
オスナ,福岡ソフトバンクホークス,"Osuna, Roberto",SoftBank Hawks
田浦 文丸,福岡ソフトバンクホークス,"Taura, Fumimaru",SoftBank Hawks
木村 大成,福岡ソフトバンクホークス,"Kimura, Taisei",SoftBank Hawks
長谷川 威展,福岡ソフトバンクホークス,"Hasegawa, Takehiro",SoftBank Hawks
大野 稼頭央,福岡ソフトバンクホークス,"Ohno, Kazuo",SoftBank Hawks
ヘルナンデス,福岡ソフトバンクホークス,"Hernandez, Darwinzon",SoftBank Hawks
松本 裕樹,福岡ソフトバンクホークス,"Matsumoto, Yuki",SoftBank Hawks
笠谷 俊介,福岡ソフトバンクホークス,"Kasaya, Shunsuke",SoftBank Hawks
木村 光,福岡ソフトバンクホークス,"Kimura, Hikaru",SoftBank Hawks
田上 奏大,福岡ソフトバンクホークス,"Tanoue, Sota",SoftBank Hawks
嶺井 博希,福岡ソフトバンクホークス,"Minei, Hiroki",SoftBank Hawks
甲斐 拓也,福岡ソフトバンクホークス,"Kai, Takuya",SoftBank Hawks
牧原 巧汰,福岡ソフトバンクホークス,"Makihara, Kota",SoftBank Hawks
谷川原 健太,福岡ソフトバンクホークス,"Tanigawara, Kenta",SoftBank Hawks
石塚 綜一郎,福岡ソフトバンクホークス,"Ishizuka, Soichiro",SoftBank Hawks
海野 隆司,福岡ソフトバンクホークス,"Umino, Takashi",SoftBank Hawks
吉田 賢吾,福岡ソフトバンクホークス,"Yoshida, Kengo",SoftBank Hawks
藤田 悠太郎,福岡ソフトバンクホークス,"Fujita, Yutaro",SoftBank Hawks
渡邉 陸,福岡ソフトバンクホークス,"Watanabe, Riku",SoftBank Hawks
川瀬 晃,福岡ソフトバンクホークス,"Kawase, Hikaru",SoftBank Hawks
ダウンズ,福岡ソフトバンクホークス,"Downs, Jeter",SoftBank Hawks
今宮 健太,福岡ソフトバンクホークス,"Imamiya, Kenta",SoftBank Hawks
牧原 大成,福岡ソフトバンクホークス,"Makihara, Taisei",SoftBank Hawks
三森 大貴,福岡ソフトバンクホークス,"Mimori, Masaki",SoftBank Hawks
周東 佑京,福岡ソフトバンクホークス,"Shuto, Ukyo",SoftBank Hawks
栗原 陵矢,福岡ソフトバンクホークス,"Kurihara, Ryoya",SoftBank Hawks
山川 穂高,福岡ソフトバンクホークス,"Yamakawa, Hotaka",SoftBank Hawks
廣瀨 隆太,福岡ソフトバンクホークス,"Hirose, Ryuta",SoftBank Hawks
イヒネ イツア,福岡ソフトバンクホークス,"Ikhine, Itua",SoftBank Hawks
井上 朋也,福岡ソフトバンクホークス,"Inoue, Tomoya",SoftBank Hawks
川原田 純平,福岡ソフトバンクホークス,"Kawarada, Jumpei",SoftBank Hawks
リチャード,福岡ソフトバンクホークス,"Sunagawa, Richard",SoftBank Hawks
野村 大樹,福岡ソフトバンクホークス,"Nomura, Daiju",SoftBank Hawks
仲田 慶介,福岡ソフトバンクホークス,"Nakata, Keisuke",SoftBank Hawks
野村 勇,福岡ソフトバンクホークス,"Nomura, Isami",SoftBank Hawks
近藤 健介,福岡ソフトバンクホークス,"Kondoh, Kensuke",SoftBank Hawks
中村 晃,福岡ソフトバンクホークス,"Nakamura, Akira",SoftBank Hawks
柳田 悠岐,福岡ソフトバンクホークス,"Yanagita, Yuki",SoftBank Hawks
ウォーカー,福岡ソフトバンクホークス,"Walker, Adam",SoftBank Hawks
佐藤 直樹,福岡ソフトバンクホークス,"Satoh, Naoki",SoftBank Hawks
正木 智也,福岡ソフトバンクホークス,"Masaki, Tomoya",SoftBank Hawks
柳町 達,福岡ソフトバンクホークス,"Yanagimachi, Tatsuru",SoftBank Hawks
生海,福岡ソフトバンクホークス,"Kai, Ikumi",SoftBank Hawks
笹川 吉康,福岡ソフトバンクホークス,"Sasagawa, Yoshiyasu",SoftBank Hawks
緒方 理貢,福岡ソフトバンクホークス,"Ogata, Riku",SoftBank Hawks
川村 友斗,福岡ソフトバンクホークス,"Kawamura, Yuto",SoftBank Hawks
佐藤 宏樹,福岡ソフトバンクホークス,"Satoh, Hiroki",SoftBank Hawks
古川 侑利,福岡ソフトバンクホークス,"Furukawa, Yuri",SoftBank Hawks
宮里 優吾,福岡ソフトバンクホークス,"Miyasato, Yuwa",SoftBank Hawks
星野 恒太朗,福岡ソフトバンクホークス,"Hoshino, Kotaro",SoftBank Hawks
大城 真乃,福岡ソフトバンクホークス,"Ohshiro, Shinno",SoftBank Hawks
アルメンタ,福岡ソフトバンクホークス,"Armenta, Alexander",SoftBank Hawks
大竹 風雅,福岡ソフトバンクホークス,"Ohtake, Fuga",SoftBank Hawks
井﨑 燦志郎,福岡ソフトバンクホークス,"Izaki, Sanshiro",SoftBank Hawks
フェリックス,福岡ソフトバンクホークス,"Felix, Mailon",SoftBank Hawks
藤原 大翔,福岡ソフトバンクホークス,"Fujiwara, Haruto",SoftBank Hawks
村上 舜,福岡ソフトバンクホークス,"Murakami, Shun",SoftBank Hawks
ハモンド,福岡ソフトバンクホークス,"Tanaka, Leiri Hammond",SoftBank Hawks
藤田 淳平,福岡ソフトバンクホークス,"Fujita, Jumpei",SoftBank Hawks
加藤 洸稀,福岡ソフトバンクホークス,"Katoh, Koki",SoftBank Hawks
山崎 琢磨,福岡ソフトバンクホークス,"Yamasaki, Takuma",SoftBank Hawks
瀧本 将生,福岡ソフトバンクホークス,"Takimoto, Masaki",SoftBank Hawks
佐藤 琢磨,福岡ソフトバンクホークス,"Satoh, Takuma",SoftBank Hawks
ロドリゲス,福岡ソフトバンクホークス,"Rodriguez, Luis",SoftBank Hawks
小林 珠維,福岡ソフトバンクホークス,"Kobayashi, Jui",SoftBank Hawks
赤羽 蓮,福岡ソフトバンクホークス,"Akaba, Ren",SoftBank Hawks
長水 啓眞,福岡ソフトバンクホークス,"Nagamizu, Keishin",SoftBank Hawks
内野 海斗,福岡ソフトバンクホークス,"Uchino, Kaito",SoftBank Hawks
岡植 純平,福岡ソフトバンクホークス,"Okaue, Jumpei",SoftBank Hawks
佐々木 明都,福岡ソフトバンクホークス,"Sasaki, Akito",SoftBank Hawks
水口 創太,福岡ソフトバンクホークス,"Minakuchi, Sota",SoftBank Hawks
宮﨑 颯,福岡ソフトバンクホークス,"Miyazaki, Hayato",SoftBank Hawks
飛田 悠成,福岡ソフトバンクホークス,"Tobita, Yusei",SoftBank Hawks
渡邊 佑樹,福岡ソフトバンクホークス,"Watanabe, Yuki",SoftBank Hawks
鍬原 拓也,福岡ソフトバンクホークス,"Kuwahara, Takuya",SoftBank Hawks
サルディ,福岡ソフトバンクホークス,"Sarduy, Dario",SoftBank Hawks
齊藤 大将,福岡ソフトバンクホークス,"Saito, Hiromasa",SoftBank Hawks
加藤 晴空,福岡ソフトバンクホークス,"Katoh, Sora",SoftBank Hawks
盛島 稜大,福岡ソフトバンクホークス,"Morishima, Ryota",SoftBank Hawks
藤野 恵音,福岡ソフトバンクホークス,"Fujino, Keio",SoftBank Hawks
桑原 秀侍,福岡ソフトバンクホークス,"Kuwahara, Shuji",SoftBank Hawks
伊藤 大将,福岡ソフトバンクホークス,"Itoh, Daisuke",SoftBank Hawks
佐倉 侠史朗,福岡ソフトバンクホークス,"Sakura, Kyoshiro",SoftBank Hawks
勝連 大稀,福岡ソフトバンクホークス,"Katsuren, Haruki",SoftBank Hawks
中澤 恒貴,福岡ソフトバンクホークス,"Nakazawa, Koki",SoftBank Hawks
佐久間 拓斗,福岡ソフトバンクホークス,"Sakuma, Takuto",SoftBank Hawks
三代 祥貴,福岡ソフトバンクホークス,"Mishiro, Yoshiki",SoftBank Hawks
山下 恭吾,福岡ソフトバンクホークス,"Yamashita, Kyogo",SoftBank Hawks
西尾 歩真,福岡ソフトバンクホークス,"Nishio, Ayuma",SoftBank Hawks
アルモンテ,福岡ソフトバンクホークス,"Almonte, David",SoftBank Hawks
大泉 周也,福岡ソフトバンクホークス,"Ohizumi, Shuya",SoftBank Hawks
シモン,福岡ソフトバンクホークス,"Simon, Marco",SoftBank Hawks
山本 恵大,福岡ソフトバンクホークス,"Yamamoto, Keita",SoftBank Hawks
重松 凱人,福岡ソフトバンクホークス,"Shigematsu, Kaito",SoftBank Hawks
佐藤 航太,福岡ソフトバンクホークス,"Satoh, Kota",SoftBank Hawks
オスーナ,福岡ソフトバンクホークス,"Ozuna, Jose",SoftBank Hawks
岸 孝之,東北楽天ゴールデンイーグルス,"Kishi, Takayuki",Rakuten Eagles
ポンセ,東北楽天ゴールデンイーグルス,"Ponce, Cody",Rakuten Eagles
則本 昂大,東北楽天ゴールデンイーグルス,"Norimoto, Takahiro",Rakuten Eagles
古謝 樹,東北楽天ゴールデンイーグルス,"Koja, Tatsuki",Rakuten Eagles
田中 将大,東北楽天ゴールデンイーグルス,"Tanaka, Masahiro",Rakuten Eagles
荘司 康誠,東北楽天ゴールデンイーグルス,"Shoji, Kosei",Rakuten Eagles
ターリー,東北楽天ゴールデンイーグルス,"Turley, Nik",Rakuten Eagles
早川 隆久,東北楽天ゴールデンイーグルス,"Hayakawa, Takahisa",Rakuten Eagles
小孫 竜二,東北楽天ゴールデンイーグルス,"Komago, Ryuji",Rakuten Eagles
酒居 知史,東北楽天ゴールデンイーグルス,"Sakai, Tomohito",Rakuten Eagles
高田 孝一,東北楽天ゴールデンイーグルス,"Takada, Koichi",Rakuten Eagles
渡辺 翔太,東北楽天ゴールデンイーグルス,"Watanabe, Shota",Rakuten Eagles
弓削 隼人,東北楽天ゴールデンイーグルス,"Yuge, Hayato",Rakuten Eagles
櫻井 周斗,東北楽天ゴールデンイーグルス,"Sakurai, Shuto",Rakuten Eagles
伊藤 茉央,東北楽天ゴールデンイーグルス,"Itoh, Mao",Rakuten Eagles
宋 家豪,東北楽天ゴールデンイーグルス,"Sung, Chia-Hao",Rakuten Eagles
松井 友飛,東北楽天ゴールデンイーグルス,"Matsui, Tomotaka",Rakuten Eagles
藤平 尚真,東北楽天ゴールデンイーグルス,"Fujihira, Shoma",Rakuten Eagles
藤井 聖,東北楽天ゴールデンイーグルス,"Fujii, Masaru",Rakuten Eagles
西垣 雅矢,東北楽天ゴールデンイーグルス,"Nishigaki, Masaya",Rakuten Eagles
津留﨑 大成,東北楽天ゴールデンイーグルス,"Tsurusaki, Taisei",Rakuten Eagles
坂井 陽翔,東北楽天ゴールデンイーグルス,"Sakai, Haruto",Rakuten Eagles
日當 直喜,東北楽天ゴールデンイーグルス,"Hinata, Naoki",Rakuten Eagles
鈴木 翔天,東北楽天ゴールデンイーグルス,"Suzuki, Sora",Rakuten Eagles
瀧中 瞭太,東北楽天ゴールデンイーグルス,"Takinaka, Ryota",Rakuten Eagles
辛島 航,東北楽天ゴールデンイーグルス,"Karashima, Wataru",Rakuten Eagles
泰 勝利,東北楽天ゴールデンイーグルス,"Tai, Katsutoshi",Rakuten Eagles
松田 啄磨,東北楽天ゴールデンイーグルス,"Matsuda, Takuma",Rakuten Eagles
林 優樹,東北楽天ゴールデンイーグルス,"Hayashi, Yuki",Rakuten Eagles
大内 誠弥,東北楽天ゴールデンイーグルス,"Ohuchi, Seiya",Rakuten Eagles
内 星龍,東北楽天ゴールデンイーグルス,"Uchi, Seiryu",Rakuten Eagles
吉川 雄大,東北楽天ゴールデンイーグルス,"Yoshikawa, Kazuki",Rakuten Eagles
宮森 智志,東北楽天ゴールデンイーグルス,"Miyamori, Satoshi",Rakuten Eagles
清宮 虎多朗,東北楽天ゴールデンイーグルス,"Seimiya, Kotaro",Rakuten Eagles
太田 光,東北楽天ゴールデンイーグルス,"Ohta, Hikaru",Rakuten Eagles
田中 貴也,東北楽天ゴールデンイーグルス,"Tanaka, Takaya",Rakuten Eagles
安田 悠馬,東北楽天ゴールデンイーグルス,"Yasuda, Yuma",Rakuten Eagles
堀内 謙伍,東北楽天ゴールデンイーグルス,"Horiuchi, Kengo",Rakuten Eagles
石原 彪,東北楽天ゴールデンイーグルス,"Ishihara, Tsuyoshi",Rakuten Eagles
小深田 大翔,東北楽天ゴールデンイーグルス,"Kobukata, Hiroto",Rakuten Eagles
浅村 栄斗,東北楽天ゴールデンイーグルス,"Asamura, Hideto",Rakuten Eagles
阿部 寿樹,東北楽天ゴールデンイーグルス,"Abe, Toshiki",Rakuten Eagles
茂木 栄五郎,東北楽天ゴールデンイーグルス,"Mogi, Eigoro",Rakuten Eagles
鈴木 大地,東北楽天ゴールデンイーグルス,"Suzuki, Daichi",Rakuten Eagles
フランコ,東北楽天ゴールデンイーグルス,"Franco, Maikel",Rakuten Eagles
黒川 史陽,東北楽天ゴールデンイーグルス,"Kurokawa, Fumiya",Rakuten Eagles
平良 竜哉,東北楽天ゴールデンイーグルス,"Taira, Ryuya",Rakuten Eagles
山﨑 剛,東北楽天ゴールデンイーグルス,"Yamasaki, Tsuyoshi",Rakuten Eagles
伊藤 裕季也,東北楽天ゴールデンイーグルス,"Itoh, Yukiya",Rakuten Eagles
山田 遥楓,東北楽天ゴールデンイーグルス,"Yamada, Haruka",Rakuten Eagles
渡邊 佳明,東北楽天ゴールデンイーグルス,"Watanabe, Yoshiaki",Rakuten Eagles
ワォーターズ 璃海ジュミル,東北楽天ゴールデンイーグルス,"Waters, RikaiJyumile",Rakuten Eagles
入江 大樹,東北楽天ゴールデンイーグルス,"Irie, Daiki",Rakuten Eagles
村林 一輝,東北楽天ゴールデンイーグルス,"Murabayashi, Itsuki",Rakuten Eagles
青野 拓海,東北楽天ゴールデンイーグルス,"Aono, Takumi",Rakuten Eagles
辰見 鴻之介,東北楽天ゴールデンイーグルス,"Tatsumi, Konosuke",Rakuten Eagles
辰己 涼介,東北楽天ゴールデンイーグルス,"Tatsumi, Ryosuke",Rakuten Eagles
吉野 創士,東北楽天ゴールデンイーグルス,"Yoshino, Soshi",Rakuten Eagles
田中 和基,東北楽天ゴールデンイーグルス,"Tanaka, Kazuki",Rakuten Eagles
岡島 豪郎,東北楽天ゴールデンイーグルス,"Okajima, Takero",Rakuten Eagles
中島 大輔,東北楽天ゴールデンイーグルス,"Nakashima, Daisuke",Rakuten Eagles
島内 宏明,東北楽天ゴールデンイーグルス,"Shimauchi, Hiroaki",Rakuten Eagles
前田 銀治,東北楽天ゴールデンイーグルス,"Maeda, Ginji",Rakuten Eagles
武藤 敦貴,東北楽天ゴールデンイーグルス,"Mutoh, Atsuki",Rakuten Eagles
小郷 裕哉,東北楽天ゴールデンイーグルス,"Ogoh, Yuya",Rakuten Eagles
王 彦程,東北楽天ゴールデンイーグルス,"Wang, Yan-Cheng",Rakuten Eagles
西口 直人,東北楽天ゴールデンイーグルス,"Nishiguchi, Naoto",Rakuten Eagles
古賀 康誠,東北楽天ゴールデンイーグルス,"Koga, Kosei",Rakuten Eagles
小峯 新陸,東北楽天ゴールデンイーグルス,"Komine, Shinri",Rakuten Eagles
竹下 瑛広,東北楽天ゴールデンイーグルス,"Takeshita, Akihiro",Rakuten Eagles
水上 桂,東北楽天ゴールデンイーグルス,"Mizukami, Kei",Rakuten Eagles
江川 侑斗,東北楽天ゴールデンイーグルス,"Egawa, Yuto",Rakuten Eagles
永田 颯太郎,東北楽天ゴールデンイーグルス,"Nagata, Sotaro",Rakuten Eagles
澤野 聖悠,東北楽天ゴールデンイーグルス,"Sawano, Kiyoharu",Rakuten Eagles
柳澤 大空,東北楽天ゴールデンイーグルス,"Yanagisawa, Ozora",Rakuten Eagles
大河原 翔,東北楽天ゴールデンイーグルス,"Okawara, Sho",Rakuten Eagles
ヤン,埼玉西武ライオンズ,"Yan, Jefry",Seibu Lions
上田 大河,埼玉西武ライオンズ,"Ueda, Taiga",Seibu Lions
渡邉 勇太朗,埼玉西武ライオンズ,"Watanabe, Yutaro",Seibu Lions
髙橋 光成,埼玉西武ライオンズ,"Takahashi, Kona",Seibu Lions
増田 達至,埼玉西武ライオンズ,"Masuda, Tatsushi",Seibu Lions
與座 海人,埼玉西武ライオンズ,"Yoza, Kaito",Seibu Lions
隅田 知一郎,埼玉西武ライオンズ,"Sumida, Chihiro",Seibu Lions
松本 航,埼玉西武ライオンズ,"Matsumoto, Wataru",Seibu Lions
佐藤 隼輔,埼玉西武ライオンズ,"Sato, Shunsuke",Seibu Lions
田村 伊知郎,埼玉西武ライオンズ,"Tamura, Ichiro",Seibu Lions
武内 夏暉,埼玉西武ライオンズ,"Takeuchi, Natsuki",Seibu Lions
糸川 亮太,埼玉西武ライオンズ,"Itogawa, Ryota",Seibu Lions
平井 克典,埼玉西武ライオンズ,"Hirai, Katsunori",Seibu Lions
青山 美夏人,埼玉西武ライオンズ,"Aoyama, Minato",Seibu Lions
甲斐野 央,埼玉西武ライオンズ,"Kaino, Hiroshi",Seibu Lions
山田 陽翔,埼玉西武ライオンズ,"Yamada, Haruto",Seibu Lions
浜屋 将太,埼玉西武ライオンズ,"Hamaya, Shota",Seibu Lions
成田 晴風,埼玉西武ライオンズ,"Narita, Haruse",Seibu Lions
ボー・タカハシ,埼玉西武ライオンズ,"Takahashi, Bo",Seibu Lions
羽田 慎之介,埼玉西武ライオンズ,"Hada, Shinnosuke",Seibu Lions
本田 圭佑,埼玉西武ライオンズ,"Honda, Keisuke",Seibu Lions
杉山 遙希,埼玉西武ライオンズ,"Sugiyama, Haruki",Seibu Lions
今井 達也,埼玉西武ライオンズ,"Imai, Tatsuya",Seibu Lions
アブレイユ,埼玉西武ライオンズ,"Abreu, Albert",Seibu Lions
宮澤 太成,埼玉西武ライオンズ,"Miyazawa, Taisei",Seibu Lions
黒田 将矢,埼玉西武ライオンズ,"Kuroda, Masaya",Seibu Lions
中村 祐太,埼玉西武ライオンズ,"Nakamura, Yuta",Seibu Lions
大曲 錬,埼玉西武ライオンズ,"Omagari, Ren",Seibu Lions
平良 海馬,埼玉西武ライオンズ,"Taira, Kaima",Seibu Lions
水上 由伸,埼玉西武ライオンズ,"Mizukami, Yoshinobu",Seibu Lions
豆田 泰志,埼玉西武ライオンズ,"Mameda, Taishi",Seibu Lions
菅井 信也,埼玉西武ライオンズ,"Sugai, Shinya",Seibu Lions
岡田 雅利,埼玉西武ライオンズ,"Okada, Masatoshi",Seibu Lions
古賀 悠斗,埼玉西武ライオンズ,"Koga, Yuto",Seibu Lions
炭谷 銀仁朗,埼玉西武ライオンズ,"Sumitani, Ginjiro",Seibu Lions
柘植 世那,埼玉西武ライオンズ,"Tsuge, Sena",Seibu Lions
野田 海人,埼玉西武ライオンズ,"Noda, Kaito",Seibu Lions
牧野 翔矢,埼玉西武ライオンズ,"Makino, Shoya",Seibu Lions
古市 尊,埼玉西武ライオンズ,"Furuichi, Takeru",Seibu Lions
児玉 亮涼,埼玉西武ライオンズ,"Kodama, Ryosuke",Seibu Lions
山野辺 翔,埼玉西武ライオンズ,"Yamanobe, Kakeru",Seibu Lions
外崎 修汰,埼玉西武ライオンズ,"Tonosaki, Shuta",Seibu Lions
源田 壮亮,埼玉西武ライオンズ,"Genda, Sosuke",Seibu Lions
渡部 健人,埼玉西武ライオンズ,"Watanabe, Kento",Seibu Lions
佐藤 龍世,埼玉西武ライオンズ,"Satoh, Ryusei",Seibu Lions
元山 飛優,埼玉西武ライオンズ,"Motoyama, Hiyu",Seibu Lions
平沼 翔太,埼玉西武ライオンズ,"Hiranuma, Shota",Seibu Lions
山村 崇嘉,埼玉西武ライオンズ,"Yamamura, Takayoshi",Seibu Lions
アギラー,埼玉西武ライオンズ,"Aguilar, Jesus",Seibu Lions
髙松 渡,埼玉西武ライオンズ,"Takamatsu, Wataru",Seibu Lions
陽川 尚将,埼玉西武ライオンズ,"Yohkawa, Naomasa",Seibu Lions
中村 剛也,埼玉西武ライオンズ,"Nakamura, Takeya",Seibu Lions
滝澤 夏央,埼玉西武ライオンズ,"Takizawa, Natsuo",Seibu Lions
ブランドン,埼玉西武ライオンズ,"Tysinger, Brandon Taiga",Seibu Lions
野村 大樹,埼玉西武ライオンズ,"Nomura, Daiju",Seibu Lions
村田 怜音,埼玉西武ライオンズ,"Murata, Reon",Seibu Lions
栗山 巧,埼玉西武ライオンズ,"Kuriyama, Takumi",Seibu Lions
金子 侑司,埼玉西武ライオンズ,"Kaneko, Yuji",Seibu Lions
蛭間 拓哉,埼玉西武ライオンズ,"Hiruma, Takuya",Seibu Lions
古川 雄大,埼玉西武ライオンズ,"Furukawa, Yuudai",Seibu Lions
松原 聖弥,埼玉西武ライオンズ,"Matsubara, Seiya",Seibu Lions
若林 楽人,埼玉西武ライオンズ,"Wakabayashi, Gakuto",Seibu Lions
鈴木 将平,埼玉西武ライオンズ,"Suzuki, Shohei",Seibu Lions
西川 愛也,埼玉西武ライオンズ,"Nishikawa, Manaya",Seibu Lions
コルデロ,埼玉西武ライオンズ,"Cordero, Franchy",Seibu Lions
長谷川 信哉,埼玉西武ライオンズ,"Hasegawa, Shinya",Seibu Lions
岸 潤一郎,埼玉西武ライオンズ,"Kishi, Junichiro",Seibu Lions
高木 渉,埼玉西武ライオンズ,"Takagi, Wataru",Seibu Lions
奥村 光一,埼玉西武ライオンズ,"Okumura, Koichi",Seibu Lions
ガルシア,埼玉西武ライオンズ,"Garcia, Anthony",Seibu Lions
齊藤 大将,埼玉西武ライオンズ,"Saito, Hiromasa",Seibu Lions
粟津 凱士,埼玉西武ライオンズ,"Awatsu, Kaito",Seibu Lions
伊藤 翔,埼玉西武ライオンズ,"Itoh, Sho",Seibu Lions
上間 永遠,埼玉西武ライオンズ,"Uema, Towa",Seibu Lions
佐々木 健,埼玉西武ライオンズ,"Sasaki, Takeru",Seibu Lions
ロペス,埼玉西武ライオンズ,"Lopez, Victor",Seibu Lions
井上 広輝,埼玉西武ライオンズ,"Inoue, Hiroki",Seibu Lions
三浦 大輝,埼玉西武ライオンズ,"Miura, Daiki",Seibu Lions
シンクレア,埼玉西武ライオンズ,"Sinclair, Joseph Konosuke",Seibu Lions
森脇 亮介,埼玉西武ライオンズ,"Moriwaki, Ryosuke",Seibu Lions
川下 将勲,埼玉西武ライオンズ,"Kawashimo, Masahiro",Seibu Lions
木瀬 翔太,埼玉西武ライオンズ,"Kise, Shota",Seibu Lions
赤上 優人,埼玉西武ライオンズ,"Akagami, Yuto",Seibu Lions
是澤 涼輔,埼玉西武ライオンズ,"Koresawa, Ryosuke",Seibu Lions
野村 和輝,埼玉西武ライオンズ,"Nomura, Kazuki",Seibu Lions
谷口 朝陽,埼玉西武ライオンズ,"Taniguchi, Asahi",Seibu Lions
金子 功児,埼玉西武ライオンズ,"Kaneko, Koji",Seibu Lions
川野 涼多,埼玉西武ライオンズ,"Kawano, Ryota",Seibu Lions
モンテル,埼玉西武ライオンズ,"Higuma, Montell",Seibu Lions
ジョセフ,埼玉西武ライオンズ,"Miyamoto, Joseph Ken",Seibu Lions
仲三河 優太,埼玉西武ライオンズ,"Nakamigawa, Yuta",Seibu Lions
矢澤 宏太,北海道日本ハムファイターズ,"Yazawa, Kota",Nipponham Fighters
生田目 翼,北海道日本ハムファイターズ,"Nabatame, Tsubasa",Nipponham Fighters
加藤 貴之,北海道日本ハムファイターズ,"Katoh, Takayuki",Nipponham Fighters
達 孝太,北海道日本ハムファイターズ,"Tatsu, Kota",Nipponham Fighters
伊藤 大海,北海道日本ハムファイターズ,"Itoh, Hiromi",Nipponham Fighters
山﨑 福也,北海道日本ハムファイターズ,"Yamasaki, Sachiya",Nipponham Fighters
玉井 大翔,北海道日本ハムファイターズ,"Tamai, Taisho",Nipponham Fighters
上原 健太,北海道日本ハムファイターズ,"Uehara, Kenta",Nipponham Fighters
杉浦 稔大,北海道日本ハムファイターズ,"Sugiura, Toshihiro",Nipponham Fighters
金村 尚真,北海道日本ハムファイターズ,"Kanemura, Shoma",Nipponham Fighters
宮西 尚生,北海道日本ハムファイターズ,"Miyanishi, Naoki",Nipponham Fighters
田中 正義,北海道日本ハムファイターズ,"Tanaka, Seigi",Nipponham Fighters
河野 竜生,北海道日本ハムファイターズ,"Kawano, Ryusei",Nipponham Fighters
細野 晴希,北海道日本ハムファイターズ,"Hosono, Haruki",Nipponham Fighters
マーフィー,北海道日本ハムファイターズ,"Murphy, Patrick",Nipponham Fighters
黒木 優太,北海道日本ハムファイターズ,"Kuroki, Yuta",Nipponham Fighters
堀 瑞輝,北海道日本ハムファイターズ,"Hori, Mizuki",Nipponham Fighters
福田 俊,北海道日本ハムファイターズ,"Fukuda, Suguru",Nipponham Fighters
ロドリゲス,北海道日本ハムファイターズ,"Rodriguez, Bryan",Nipponham Fighters
ザバラ,北海道日本ハムファイターズ,"Zabala, Aneurys",Nipponham Fighters
バーヘイゲン,北海道日本ハムファイターズ,"VerHagen, Drew",Nipponham Fighters
畔柳 亨丞,北海道日本ハムファイターズ,"Kuroyanagi, Kyosuke",Nipponham Fighters
鈴木 健矢,北海道日本ハムファイターズ,"Suzuki, Kenya",Nipponham Fighters
齋藤 友貴哉,北海道日本ハムファイターズ,"Saito, Yukiya",Nipponham Fighters
石川 直也,北海道日本ハムファイターズ,"Ishikawa, Naoya",Nipponham Fighters
池田 隆英,北海道日本ハムファイターズ,"Ikeda, Takahide",Nipponham Fighters
安西 叶翔,北海道日本ハムファイターズ,"Anzai, Kanato",Nipponham Fighters
松浦 慶斗,北海道日本ハムファイターズ,"Matsuura, Keito",Nipponham Fighters
北山 亘基,北海道日本ハムファイターズ,"Kitayama, Koki",Nipponham Fighters
根本 悠楓,北海道日本ハムファイターズ,"Nemoto, Haruka",Nipponham Fighters
鍵谷 陽平,北海道日本ハムファイターズ,"Kagiya, Yohei",Nipponham Fighters
宮内 春輝,北海道日本ハムファイターズ,"Miyauchi, Haruki",Nipponham Fighters
北浦 竜次,北海道日本ハムファイターズ,"Kitaura, Ryuji",Nipponham Fighters
山本 拓実,北海道日本ハムファイターズ,"Yamamoto, Takumi",Nipponham Fighters
田中 瑛斗,北海道日本ハムファイターズ,"Tanaka, Eito",Nipponham Fighters
福島 蓮,北海道日本ハムファイターズ,"Fukushima, Ren",Nipponham Fighters
柳川 大晟,北海道日本ハムファイターズ,"Yanagawa, Taisei",Nipponham Fighters
マルティネス,北海道日本ハムファイターズ,"Martinez, Ariel",Nipponham Fighters
清水 優心,北海道日本ハムファイターズ,"Shimizu, Yushi",Nipponham Fighters
伏見 寅威,北海道日本ハムファイターズ,"Fushimi, Torai",Nipponham Fighters
古川 裕大,北海道日本ハムファイターズ,"Furukawa, Yudai",Nipponham Fighters
郡司 裕也,北海道日本ハムファイターズ,"Gunji, Yuya",Nipponham Fighters
進藤 勇也,北海道日本ハムファイターズ,"Shinto, Yuya",Nipponham Fighters
郡 拓也,北海道日本ハムファイターズ,"Kohri, Takuya",Nipponham Fighters
田宮 裕涼,北海道日本ハムファイターズ,"Tamiya, Yua",Nipponham Fighters
梅林 優貴,北海道日本ハムファイターズ,"Umebayashi, Yuki",Nipponham Fighters
加藤 豪将,北海道日本ハムファイターズ,"Katoh, Gosuke",Nipponham Fighters
上川畑 大悟,北海道日本ハムファイターズ,"Kamikawabata, Daigo",Nipponham Fighters
野村 佑希,北海道日本ハムファイターズ,"Nomura, Yuki",Nipponham Fighters
中島 卓也,北海道日本ハムファイターズ,"Nakashima, Takuya",Nipponham Fighters
清宮 幸太郎,北海道日本ハムファイターズ,"Kiyomiya, Kotaro",Nipponham Fighters
福田 光輝,北海道日本ハムファイターズ,"Fukuda, Koki",Nipponham Fighters
石井 一成,北海道日本ハムファイターズ,"Ishii, Kazunari",Nipponham Fighters
有薗 直輝,北海道日本ハムファイターズ,"Arizono, Naoki",Nipponham Fighters
水野 達稀,北海道日本ハムファイターズ,"Mizuno, Tatsuki",Nipponham Fighters
阪口 樂,北海道日本ハムファイターズ,"Sakaguchi, Uta",Nipponham Fighters
若林 晃弘,北海道日本ハムファイターズ,"Wakabayashi, Akihiro",Nipponham Fighters
細川 凌平,北海道日本ハムファイターズ,"Hosokawa, Ryohei",Nipponham Fighters
奈良間 大己,北海道日本ハムファイターズ,"Narama, Taiki",Nipponham Fighters
明瀬 諒介,北海道日本ハムファイターズ,"Myose, Ryosuke",Nipponham Fighters
スティーブンソン,北海道日本ハムファイターズ,"Stevenson, Andrew",Nipponham Fighters
松本 剛,北海道日本ハムファイターズ,"Matsumoto, Go",Nipponham Fighters
淺間 大基,北海道日本ハムファイターズ,"Asama, Daiki",Nipponham Fighters
宮崎 一樹,北海道日本ハムファイターズ,"Miyazaki, Kazuki",Nipponham Fighters
江越 大賀,北海道日本ハムファイターズ,"Egoshi, Taiga",Nipponham Fighters
五十幡 亮汰,北海道日本ハムファイターズ,"Isobata, Ryota",Nipponham Fighters
水谷 瞬,北海道日本ハムファイターズ,"Mizutani, Shun",Nipponham Fighters
今川 優馬,北海道日本ハムファイターズ,"Imagawa, Yuma",Nipponham Fighters
万波 中正,北海道日本ハムファイターズ,"Mannami, Chusei",Nipponham Fighters
星野 ひので,北海道日本ハムファイターズ,"Hoshino, Hinode",Nipponham Fighters
レイエス,北海道日本ハムファイターズ,"Reyes, Franmil",Nipponham Fighters
加藤 大和,北海道日本ハムファイターズ,"Katoh, Yamato",Nipponham Fighters
松本 遼大,北海道日本ハムファイターズ,"Matsumoto, Ryodai",Nipponham Fighters
齊藤 伸治,北海道日本ハムファイターズ,"Saitoh, Shinji",Nipponham Fighters
中山 晶量,北海道日本ハムファイターズ,"Nakayama, Terukazu",Nipponham Fighters
山本 晃大,北海道日本ハムファイターズ,"Yamamoto, Kodai",Nipponham Fighters
柿木 蓮,北海道日本ハムファイターズ,"Kakigi, Ren",Nipponham Fighters
松岡 洸希,北海道日本ハムファイターズ,"Matsuoka, Koki",Nipponham Fighters
孫 易磊,北海道日本ハムファイターズ,"Sun, Yi-Lei",Nipponham Fighters
濵田 泰希,北海道日本ハムファイターズ,"Hamada, Taiki",Nipponham Fighters
平田 大樹,北海道日本ハムファイターズ,"Hirata, Daiju",Nipponham Fighters
阿部 和広,北海道日本ハムファイターズ,"Abe, Kazuhiro",Nipponham Fighters
藤田 大清,北海道日本ハムファイターズ,"Fujita, Taisei",Nipponham Fighters
山口 アタル,北海道日本ハムファイターズ,"Yamaguchi, Ataru",Nipponham Fighters
B.バスケス,くふうハヤテベンチャーズ静岡,"Vasquez, Braulio",HAYATE
Y.バスケス,くふうハヤテベンチャーズ静岡,"Vasquez, Yerinson",HAYATE
中山 翔太,オイシックス新潟アルビレックス,"Nakayama, Shota",Oisix
仲村 来唯也,くふうハヤテベンチャーズ静岡,"Nakamura, Raiya",HAYATE
伴在 汰文,オイシックス新潟アルビレックス,"Banzai, Tamon",Oisix
佐藤 拓実,オイシックス新潟アルビレックス,"Satoh, Takumi",Oisix
倉本 寿彦,くふうハヤテベンチャーズ静岡,"Kuramoto, Toshihiko",HAYATE
園部 佳太,オイシックス新潟アルビレックス,"Sonobe, Keita",Oisix
増田 将馬,くふうハヤテベンチャーズ静岡,"Masuda, Shoma",HAYATE
大山 盛一郎,くふうハヤテベンチャーズ静岡,"Oyama, Joichiro",HAYATE
宜保 優,くふうハヤテベンチャーズ静岡,"Gibo, Yuh",HAYATE
宮﨑 天斗,オイシックス新潟アルビレックス,"Miyazaki, Tento",Oisix
富山 太樹,くふうハヤテベンチャーズ静岡,"Tomiyama, Daiki",HAYATE
小池 智也,オイシックス新潟アルビレックス,"Koike, Tomoya",Oisix
小西 慶治,オイシックス新潟アルビレックス,"Konishi, Keiji",Oisix
居谷 匠真,くふうハヤテベンチャーズ静岡,"Itani, Shoma",HAYATE
山田 龍青,オイシックス新潟アルビレックス,"Yamada, Ryusei",Oisix
島崎 太一,オイシックス新潟アルビレックス,"Shimazaki, Taichi",Oisix
平湯 皓基,くふうハヤテベンチャーズ静岡,"Hirayu, Kohki",HAYATE
折下 光輝,くふうハヤテベンチャーズ静岡,"Orishita, Kohki",HAYATE
松尾 翔二朗,オイシックス新潟アルビレックス,"Matsuo, Syoujiro",Oisix
橘八重 龍誠,くふうハヤテベンチャーズ静岡,"Kitsubae, Ryusei",HAYATE
比嘉 天佑,オイシックス新潟アルビレックス,"Higa, Tenyu",Oisix
永澤 蓮士,オイシックス新潟アルビレックス,"Nagasawa, Renji",Oisix
深草 駿哉,くふうハヤテベンチャーズ静岡,"Fukakusa, Yuhya",HAYATE
深谷 力,くふうハヤテベンチャーズ静岡,"Fukatani, Riki",HAYATE
瀬井 裕紀,くふうハヤテベンチャーズ静岡,"Sei, Hiroki",HAYATE
熊倉 凌,オイシックス新潟アルビレックス,"Kumakura, Ryo",Oisix
片山 悠,オイシックス新潟アルビレックス,"Katayama, Yu",Oisix
片野 優羽,オイシックス新潟アルビレックス,"Katano, Yu",Oisix
田中 俊太,オイシックス新潟アルビレックス,"Tanaka, Shunta",Oisix
知念 大成,オイシックス新潟アルビレックス,"Chinen, Taisei",Oisix
福田 秀平,くふうハヤテベンチャーズ静岡,"Fukuda, Shuhei",HAYATE
稲葉 大樹,オイシックス新潟アルビレックス,"Inaba, Hiroki",Oisix
篠原 玲央,くふうハヤテベンチャーズ静岡,"Shinohara, Reo",HAYATE
篠田 大聖,オイシックス新潟アルビレックス,"Shinoda, Taisei",Oisix
草場 悠,くふうハヤテベンチャーズ静岡,"Kusaba, Yu",HAYATE
藤原 大智,オイシックス新潟アルビレックス,"Fujiwara, Daichi",Oisix
西川 僚祐,くふうハヤテベンチャーズ静岡,"Nishikawa, Ryosuke",HAYATE
谷川 唯人,くふうハヤテベンチャーズ静岡,"Tanigawa, Yuito",HAYATE
陽 岱鋼,オイシックス新潟アルビレックス,"Yoh, Daikan",Oisix
高 義博,オイシックス新潟アルビレックス,"Taka, Yoshihiro",Oisix
高橋 駿,くふうハヤテベンチャーズ静岡,"Takahashi, Shun",HAYATE
髙山 俊,オイシックス新潟アルビレックス,"Takayama, Shun",Oisix