Player,G,PA,AB,R,H,2B,3B,HR,TB,RBI,SB,CS,SH,SF,SO,BB,IBB,HP,GDP,AVG,OBP,SLG,OPS,OPS+,ISO,BABIP,TTO%,K%,BB%,BB/K,Team,League
ウィーラー,5.0,20.0,17.0,0.0,4.0,1.0,0.0,0.0,5.0,4.0,0.0,0.0,1.0,1.0,1.0,1.0,0.0,0.0,1.0,0.235,0.250,0.294,0.544,78,0.059,0.235,10.0%,5.0%,5.0%,1.00,<a href=https://npb.jp/bis/eng/teams/index_g.html>Yomiuri</a>,CL
エチェバリア,5.0,15.0,14.0,3.0,5.0,1.0,0.0,1.0,9.0,1.0,0.0,1.0,0.0,0.0,4.0,1.0,0.0,0.0,1.0,0.357,0.400,0.643,1.043,240,0.286,0.444,40.0%,26.7%,6.7%,0.25,<a href=https://npb.jp/bis/eng/teams/index_m.html>Lotte</a>,PL
オスナ,9.0,35.0,34.0,1.0,9.0,2.0,0.0,0.0,11.0,1.0,0.0,1.0,0.0,0.0,9.0,1.0,0.0,0.0,3.0,0.265,0.286,0.324,0.609,99,0.059,0.360,28.6%,25.7%,2.9%,0.11,<a href=https://npb.jp/bis/eng/teams/index_s.html>Yakult</a>,CL
サンタナ,9.0,36.0,27.0,7.0,3.0,0.0,0.0,3.0,12.0,5.0,0.0,0.0,0.0,0.0,9.0,9.0,0.0,0.0,1.0,0.111,0.333,0.444,0.778,152,0.333,0.000,58.3%,25.0%,25.0%,1.00,<a href=https://npb.jp/bis/eng/teams/index_s.html>Yakult</a>,CL
ジョーンズ,7.0,7.0,5.0,1.0,1.0,0.0,0.0,1.0,4.0,1.0,0.0,0.0,0.0,0.0,3.0,2.0,1.0,0.0,0.0,0.200,0.429,0.800,1.229,316,0.600,0.000,85.7%,42.9%,28.6%,0.67,<a href=https://npb.jp/bis/eng/teams/index_b.html>ORIX</a>,PL
マルテ,2.0,9.0,9.0,0.0,2.0,0.0,0.0,0.0,2.0,0.0,0.0,1.0,0.0,0.0,2.0,0.0,0.0,0.0,0.0,0.222,0.222,0.222,0.444,50,0.000,0.286,22.2%,22.2%,0.0%,0.00,<a href=https://npb.jp/bis/eng/teams/index_t.html>Hanshin</a>,CL
マーティン,5.0,20.0,17.0,3.0,3.0,1.0,0.0,1.0,7.0,1.0,0.0,0.0,0.0,0.0,9.0,3.0,0.0,0.0,0.0,0.176,0.300,0.412,0.712,134,0.235,0.286,65.0%,45.0%,15.0%,0.33,<a href=https://npb.jp/bis/eng/teams/index_m.html>Lotte</a>,PL
メルセデス,1.0,2.0,2.0,0.0,0.0,0.0,0.0,0.0,0.0,0.0,0.0,0.0,0.0,0.0,1.0,0.0,0.0,0.0,0.0,0.000,0.000,0.000,0.000,-96,0.000,0.000,50.0%,50.0%,0.0%,0.00,<a href=https://npb.jp/bis/eng/teams/index_g.html>Yomiuri</a>,CL
モヤ,6.0,13.0,12.0,1.0,4.0,0.0,0.0,1.0,7.0,2.0,0.0,0.0,0.0,0.0,5.0,1.0,0.0,0.0,0.0,0.333,0.385,0.583,0.968,228,0.250,0.500,53.8%,38.5%,7.7%,0.20,<a href=https://npb.jp/bis/eng/teams/index_b.html>ORIX</a>,PL
ラベロ,5.0,17.0,16.0,0.0,1.0,1.0,0.0,0.0,2.0,0.0,0.0,0.0,0.0,0.0,3.0,1.0,0.0,0.0,1.0,0.062,0.118,0.125,0.243,-20,0.062,0.077,23.5%,17.6%,5.9%,0.33,<a href=https://npb.jp/bis/eng/teams/index_b.html>ORIX</a>,PL
レアード,5.0,18.0,17.0,0.0,3.0,0.0,0.0,0.0,3.0,2.0,0.0,0.0,0.0,0.0,5.0,1.0,0.0,0.0,0.0,0.176,0.222,0.176,0.399,33,0.000,0.250,33.3%,27.8%,5.6%,0.20,<a href=https://npb.jp/bis/eng/teams/index_m.html>Lotte</a>,PL
ロハス・ジュニア,2.0,9.0,8.0,0.0,2.0,1.0,0.0,0.0,3.0,0.0,0.0,0.0,0.0,0.0,1.0,1.0,0.0,0.0,0.0,0.250,0.333,0.375,0.708,139,0.125,0.286,22.2%,11.1%,11.1%,1.00,<a href=https://npb.jp/bis/eng/teams/index_t.html>Hanshin</a>,CL
中島　宏之,4.0,10.0,9.0,0.0,2.0,0.0,0.0,0.0,2.0,0.0,0.0,0.0,0.0,0.0,3.0,1.0,0.0,0.0,0.0,0.222,0.300,0.222,0.522,73,0.000,0.333,40.0%,30.0%,10.0%,0.33,<a href=https://npb.jp/bis/eng/teams/index_g.html>Yomiuri</a>,CL
中村　奨吾,5.0,20.0,18.0,2.0,6.0,0.0,0.0,1.0,9.0,2.0,2.0,0.0,0.0,1.0,4.0,1.0,0.0,0.0,0.0,0.333,0.350,0.500,0.850,179,0.167,0.357,30.0%,20.0%,5.0%,0.25,<a href=https://npb.jp/bis/eng/teams/index_m.html>Lotte</a>,PL
中村　悠平,9.0,35.0,30.0,0.0,9.0,1.0,0.0,0.0,10.0,3.0,0.0,0.0,3.0,0.0,10.0,2.0,0.0,0.0,0.0,0.300,0.314,0.333,0.648,111,0.033,0.450,34.3%,28.6%,5.7%,0.20,<a href=https://npb.jp/bis/eng/teams/index_s.html>Yakult</a>,CL
中田　翔,2.0,2.0,2.0,0.0,0.0,0.0,0.0,0.0,0.0,0.0,0.0,0.0,0.0,0.0,1.0,0.0,0.0,0.0,0.0,0.000,0.000,0.000,0.000,-96,0.000,0.000,50.0%,50.0%,0.0%,0.00,<a href=https://npb.jp/bis/eng/teams/index_g.html>Yomiuri</a>,CL
中野　拓夢,2.0,9.0,8.0,0.0,3.0,1.0,0.0,0.0,4.0,1.0,0.0,0.0,0.0,0.0,2.0,1.0,0.0,0.0,0.0,0.375,0.444,0.500,0.944,221,0.125,0.500,33.3%,22.2%,11.1%,0.50,<a href=https://npb.jp/bis/eng/teams/index_t.html>Hanshin</a>,CL
丸　佳浩,5.0,20.0,16.0,2.0,5.0,1.0,0.0,0.0,6.0,2.0,0.0,0.0,0.0,0.0,3.0,4.0,0.0,0.0,0.0,0.312,0.450,0.375,0.825,169,0.062,0.385,35.0%,15.0%,20.0%,1.33,<a href=https://npb.jp/bis/eng/teams/index_g.html>Yomiuri</a>,CL
亀井　善行,3.0,10.0,8.0,0.0,1.0,0.0,0.0,0.0,1.0,0.0,0.0,0.0,1.0,0.0,1.0,1.0,0.0,0.0,0.0,0.125,0.200,0.125,0.325,10,0.000,0.143,20.0%,10.0%,10.0%,1.00,<a href=https://npb.jp/bis/eng/teams/index_g.html>Yomiuri</a>,CL
伏見　寅威,8.0,14.0,11.0,1.0,1.0,1.0,0.0,0.0,2.0,1.0,0.0,0.0,2.0,0.0,1.0,1.0,0.0,0.0,0.0,0.091,0.143,0.182,0.325,8,0.091,0.100,14.3%,7.1%,7.1%,1.00,<a href=https://npb.jp/bis/eng/teams/index_b.html>ORIX</a>,PL
佐藤　輝明,2.0,5.0,4.0,1.0,1.0,1.0,0.0,0.0,2.0,1.0,0.0,0.0,0.0,0.0,1.0,1.0,0.0,0.0,0.0,0.250,0.400,0.500,0.900,205,0.250,0.333,40.0%,20.0%,20.0%,1.00,<a href=https://npb.jp/bis/eng/teams/index_t.html>Hanshin</a>,CL
佐藤　都志也,4.0,4.0,4.0,0.0,2.0,1.0,0.0,0.0,3.0,2.0,0.0,0.0,0.0,0.0,0.0,0.0,0.0,0.0,0.0,0.500,0.500,0.750,1.250,307,0.250,0.500,0.0%,0.0%,0.0%,,<a href=https://npb.jp/bis/eng/teams/index_m.html>Lotte</a>,PL
八百板　卓丸,4.0,5.0,5.0,1.0,1.0,0.0,0.0,0.0,1.0,0.0,0.0,0.0,0.0,0.0,2.0,0.0,0.0,0.0,0.0,0.200,0.200,0.200,0.400,33,0.000,0.333,40.0%,40.0%,0.0%,0.00,<a href=https://npb.jp/bis/eng/teams/index_g.html>Yomiuri</a>,CL
内川　聖一,3.0,3.0,3.0,0.0,0.0,0.0,0.0,0.0,0.0,0.0,0.0,0.0,0.0,0.0,1.0,0.0,0.0,0.0,1.0,0.000,0.000,0.000,0.000,-96,0.000,0.000,33.3%,33.3%,0.0%,0.00,<a href=https://npb.jp/bis/eng/teams/index_s.html>Yakult</a>,CL
加藤　匠馬,5.0,8.0,7.0,0.0,0.0,0.0,0.0,0.0,0.0,0.0,0.0,0.0,1.0,0.0,2.0,0.0,0.0,0.0,0.0,0.000,0.000,0.000,0.000,-98,0.000,0.000,25.0%,25.0%,0.0%,0.00,<a href=https://npb.jp/bis/eng/teams/index_m.html>Lotte</a>,PL
原　樹理,2.0,2.0,2.0,0.0,0.0,0.0,0.0,0.0,0.0,0.0,0.0,0.0,0.0,0.0,1.0,0.0,0.0,0.0,0.0,0.000,0.000,0.000,0.000,-96,0.000,0.000,50.0%,50.0%,0.0%,0.00,<a href=https://npb.jp/bis/eng/teams/index_s.html>Yakult</a>,CL
原口　文仁,1.0,1.0,1.0,0.0,0.0,0.0,0.0,0.0,0.0,0.0,0.0,0.0,0.0,0.0,0.0,0.0,0.0,0.0,0.0,0.000,0.000,0.000,0.000,-103,0.000,0.000,0.0%,0.0%,0.0%,,<a href=https://npb.jp/bis/eng/teams/index_t.html>Hanshin</a>,CL
吉川　尚輝,5.0,19.0,18.0,2.0,4.0,0.0,0.0,0.0,4.0,1.0,0.0,0.0,0.0,0.0,3.0,1.0,0.0,0.0,0.0,0.222,0.263,0.222,0.485,60,0.000,0.267,21.1%,15.8%,5.3%,0.33,<a href=https://npb.jp/bis/eng/teams/index_g.html>Yomiuri</a>,CL
吉田　正尚,9.0,40.0,37.0,4.0,9.0,4.0,0.0,0.0,13.0,2.0,0.0,0.0,0.0,0.0,7.0,3.0,2.0,0.0,0.0,0.243,0.300,0.351,0.651,121,0.108,0.300,25.0%,17.5%,7.5%,0.43,<a href=https://npb.jp/bis/eng/teams/index_b.html>ORIX</a>,PL
和田　康士朗,1.0,5.0,5.0,0.0,1.0,1.0,0.0,0.0,2.0,0.0,0.0,0.0,0.0,0.0,2.0,0.0,0.0,0.0,0.0,0.200,0.200,0.400,0.600,96,0.200,0.333,40.0%,40.0%,0.0%,0.00,<a href=https://npb.jp/bis/eng/teams/index_m.html>Lotte</a>,PL
坂口　智隆,4.0,5.0,5.0,0.0,1.0,0.0,0.0,0.0,1.0,0.0,0.0,0.0,0.0,0.0,0.0,0.0,0.0,0.0,0.0,0.200,0.200,0.200,0.400,33,0.000,0.200,0.0%,0.0%,0.0%,,<a href=https://npb.jp/bis/eng/teams/index_s.html>Yakult</a>,CL
坂本　勇人,5.0,20.0,17.0,2.0,2.0,0.0,0.0,0.0,2.0,1.0,0.0,0.0,0.0,1.0,2.0,1.0,0.0,1.0,2.0,0.118,0.200,0.118,0.318,7,0.000,0.125,15.0%,10.0%,5.0%,0.50,<a href=https://npb.jp/bis/eng/teams/index_g.html>Yomiuri</a>,CL
坂本　誠志郎,2.0,4.0,3.0,0.0,1.0,0.0,0.0,0.0,1.0,0.0,0.0,0.0,0.0,0.0,1.0,0.0,0.0,1.0,0.0,0.333,0.500,0.333,0.833,186,0.000,0.500,25.0%,25.0%,0.0%,0.00,<a href=https://npb.jp/bis/eng/teams/index_t.html>Hanshin</a>,CL
塩見　泰隆,9.0,41.0,34.0,3.0,10.0,3.0,1.0,0.0,15.0,5.0,0.0,1.0,0.0,0.0,11.0,5.0,0.0,2.0,0.0,0.294,0.415,0.441,0.856,178,0.147,0.435,39.0%,26.8%,12.2%,0.45,<a href=https://npb.jp/bis/eng/teams/index_s.html>Yakult</a>,CL
大下　誠一郎,2.0,2.0,2.0,0.0,0.0,0.0,0.0,0.0,0.0,0.0,0.0,0.0,0.0,0.0,1.0,0.0,0.0,0.0,0.0,0.000,0.000,0.000,0.000,-103,0.000,0.000,50.0%,50.0%,0.0%,0.00,<a href=https://npb.jp/bis/eng/teams/index_b.html>ORIX</a>,PL
大城　卓三,5.0,13.0,12.0,0.0,4.0,1.0,0.0,0.0,5.0,0.0,0.0,0.0,0.0,0.0,3.0,1.0,0.0,0.0,0.0,0.333,0.385,0.417,0.801,161,0.083,0.444,30.8%,23.1%,7.7%,0.33,<a href=https://npb.jp/bis/eng/teams/index_g.html>Yomiuri</a>,CL
大山　悠輔,2.0,6.0,4.0,0.0,1.0,0.0,0.0,0.0,1.0,0.0,0.0,0.0,0.0,0.0,2.0,2.0,0.0,0.0,0.0,0.250,0.500,0.250,0.750,158,0.000,0.500,66.7%,33.3%,33.3%,1.00,<a href=https://npb.jp/bis/eng/teams/index_t.html>Hanshin</a>,CL
太田　光,1.0,3.0,3.0,0.0,0.0,0.0,0.0,0.0,0.0,0.0,0.0,0.0,0.0,0.0,1.0,0.0,0.0,0.0,0.0,0.000,0.000,0.000,0.000,-102,0.000,0.000,33.3%,33.3%,0.0%,0.00,<a href=https://npb.jp/bis/eng/teams/index_e.html>Rakuten</a>,PL
太田　椋,3.0,7.0,6.0,1.0,2.0,0.0,1.0,0.0,4.0,1.0,0.0,0.0,1.0,0.0,1.0,0.0,0.0,0.0,0.0,0.333,0.286,0.667,0.952,221,0.333,0.400,14.3%,14.3%,0.0%,0.00,<a href=https://npb.jp/bis/eng/teams/index_b.html>ORIX</a>,PL
奥川　恭伸,2.0,3.0,2.0,0.0,0.0,0.0,0.0,0.0,0.0,0.0,0.0,0.0,1.0,0.0,1.0,0.0,0.0,0.0,0.0,0.000,0.000,0.000,0.000,-96,0.000,0.000,33.3%,33.3%,0.0%,0.00,<a href=https://npb.jp/bis/eng/teams/index_s.html>Yakult</a>,CL
安田　尚憲,3.0,5.0,4.0,0.0,0.0,0.0,0.0,0.0,0.0,1.0,0.0,0.0,0.0,1.0,0.0,0.0,0.0,0.0,0.0,0.000,0.000,0.000,0.000,-98,0.000,0.000,0.0%,0.0%,0.0%,,<a href=https://npb.jp/bis/eng/teams/index_m.html>Lotte</a>,PL
安達　了一,7.0,24.0,18.0,0.0,2.0,0.0,0.0,0.0,2.0,0.0,0.0,0.0,1.0,0.0,4.0,5.0,0.0,0.0,1.0,0.111,0.292,0.111,0.403,38,0.000,0.143,37.5%,16.7%,20.8%,1.25,<a href=https://npb.jp/bis/eng/teams/index_b.html>ORIX</a>,PL
宗　佑磨,9.0,41.0,38.0,2.0,10.0,1.0,0.0,1.0,14.0,5.0,0.0,1.0,1.0,0.0,6.0,2.0,0.0,0.0,0.0,0.263,0.293,0.368,0.661,124,0.105,0.290,22.0%,14.6%,4.9%,0.33,<a href=https://npb.jp/bis/eng/teams/index_b.html>ORIX</a>,PL
宮本　丈,3.0,6.0,3.0,0.0,1.0,0.0,0.0,0.0,1.0,0.0,0.0,0.0,3.0,0.0,1.0,0.0,0.0,0.0,0.0,0.333,0.167,0.333,0.500,62,0.000,0.500,16.7%,16.7%,0.0%,0.00,<a href=https://npb.jp/bis/eng/teams/index_s.html>Yakult</a>,CL
小川　泰弘,1.0,2.0,2.0,0.0,0.0,0.0,0.0,0.0,0.0,0.0,0.0,0.0,0.0,0.0,1.0,0.0,0.0,0.0,0.0,0.000,0.000,0.000,0.000,-96,0.000,0.000,50.0%,50.0%,0.0%,0.00,<a href=https://npb.jp/bis/eng/teams/index_s.html>Yakult</a>,CL
小林　誠司,5.0,7.0,7.0,0.0,0.0,0.0,0.0,0.0,0.0,0.0,0.0,0.0,0.0,0.0,5.0,0.0,0.0,0.0,0.0,0.000,0.000,0.000,0.000,-96,0.000,0.000,71.4%,71.4%,0.0%,0.00,<a href=https://npb.jp/bis/eng/teams/index_g.html>Yomiuri</a>,CL
小深田　大翔,1.0,1.0,1.0,0.0,0.0,0.0,0.0,0.0,0.0,0.0,0.0,0.0,0.0,0.0,0.0,0.0,0.0,0.0,0.0,0.000,0.000,0.000,0.000,-102,0.000,0.000,0.0%,0.0%,0.0%,,<a href=https://npb.jp/bis/eng/teams/index_e.html>Rakuten</a>,PL
小田　裕也,7.0,1.0,1.0,0.0,1.0,1.0,0.0,0.0,2.0,1.0,0.0,0.0,0.0,0.0,0.0,0.0,0.0,0.0,0.0,1.000,1.000,2.000,3.000,920,1.000,1.000,0.0%,0.0%,0.0%,,<a href=https://npb.jp/bis/eng/teams/index_b.html>ORIX</a>,PL
山口　俊,1.0,1.0,1.0,0.0,0.0,0.0,0.0,0.0,0.0,0.0,0.0,0.0,0.0,0.0,1.0,0.0,0.0,0.0,0.0,0.000,0.000,0.000,0.000,-96,0.000,,100.0%,100.0%,0.0%,0.00,<a href=https://npb.jp/bis/eng/teams/index_g.html>Yomiuri</a>,CL
山口　航輝,4.0,11.0,11.0,1.0,4.0,1.0,0.0,1.0,8.0,2.0,0.0,0.0,0.0,0.0,2.0,0.0,0.0,0.0,0.0,0.364,0.364,0.727,1.091,255,0.364,0.375,27.3%,18.2%,0.0%,0.00,<a href=https://npb.jp/bis/eng/teams/index_m.html>Lotte</a>,PL
山崎　晃大朗,8.0,5.0,4.0,0.0,0.0,0.0,0.0,0.0,0.0,0.0,0.0,0.0,0.0,0.0,3.0,1.0,0.0,0.0,0.0,0.000,0.200,0.000,0.200,-30,0.000,0.000,80.0%,60.0%,20.0%,0.33,<a href=https://npb.jp/bis/eng/teams/index_s.html>Yakult</a>,CL
山本　泰寛,1.0,1.0,1.0,0.0,1.0,0.0,0.0,0.0,1.0,0.0,0.0,0.0,0.0,0.0,0.0,0.0,0.0,0.0,0.0,1.000,1.000,1.000,2.000,584,0.000,1.000,0.0%,0.0%,0.0%,,<a href=https://npb.jp/bis/eng/teams/index_t.html>Hanshin</a>,CL
山田　哲人,9.0,39.0,35.0,4.0,5.0,1.0,0.0,1.0,9.0,3.0,0.0,0.0,0.0,0.0,10.0,4.0,0.0,0.0,0.0,0.143,0.231,0.257,0.488,60,0.114,0.167,38.5%,25.6%,10.3%,0.40,<a href=https://npb.jp/bis/eng/teams/index_s.html>Yakult</a>,CL
山足　達也,2.0,1.0,0.0,1.0,0.0,0.0,0.0,0.0,0.0,0.0,0.0,0.0,0.0,0.0,0.0,0.0,0.0,1.0,0.0,nan,1.000,nan,nan,nan,nan,,0.0%,0.0%,0.0%,,<a href=https://npb.jp/bis/eng/teams/index_b.html>ORIX</a>,PL
山﨑　剛,2.0,10.0,10.0,1.0,4.0,2.0,0.0,0.0,6.0,1.0,0.0,0.0,0.0,0.0,0.0,0.0,0.0,0.0,0.0,0.400,0.400,0.600,1.000,237,0.200,0.400,0.0%,0.0%,0.0%,,<a href=https://npb.jp/bis/eng/teams/index_e.html>Rakuten</a>,PL
山﨑　福也,1.0,2.0,2.0,0.0,0.0,0.0,0.0,0.0,0.0,0.0,0.0,0.0,0.0,0.0,0.0,0.0,0.0,0.0,0.0,0.000,0.000,0.000,0.000,-103,0.000,0.000,0.0%,0.0%,0.0%,,<a href=https://npb.jp/bis/eng/teams/index_b.html>ORIX</a>,PL
山﨑　颯一郎,2.0,1.0,1.0,0.0,0.0,0.0,0.0,0.0,0.0,0.0,0.0,0.0,0.0,0.0,0.0,0.0,0.0,0.0,0.0,0.000,0.000,0.000,0.000,-103,0.000,0.000,0.0%,0.0%,0.0%,,<a href=https://npb.jp/bis/eng/teams/index_b.html>ORIX</a>,PL
岡　大海,5.0,14.0,13.0,1.0,1.0,0.0,0.0,0.0,1.0,0.0,0.0,1.0,0.0,0.0,5.0,0.0,0.0,1.0,1.0,0.077,0.143,0.077,0.220,-25,0.000,0.125,35.7%,35.7%,0.0%,0.00,<a href=https://npb.jp/bis/eng/teams/index_m.html>Lotte</a>,PL
岡島　豪郎,2.0,10.0,9.0,1.0,3.0,2.0,0.0,0.0,5.0,0.0,0.0,0.0,0.0,0.0,2.0,1.0,0.0,0.0,0.0,0.333,0.400,0.556,0.956,222,0.222,0.429,30.0%,20.0%,10.0%,0.50,<a href=https://npb.jp/bis/eng/teams/index_e.html>Rakuten</a>,PL
島内　宏明,2.0,10.0,8.0,1.0,4.0,2.0,0.0,0.0,6.0,4.0,0.0,0.0,0.0,0.0,2.0,2.0,0.0,0.0,0.0,0.500,0.600,0.750,1.350,357,0.250,0.667,40.0%,20.0%,20.0%,1.00,<a href=https://npb.jp/bis/eng/teams/index_e.html>Rakuten</a>,PL
島田　海吏,1.0,4.0,4.0,0.0,1.0,0.0,0.0,0.0,1.0,0.0,0.0,0.0,0.0,0.0,2.0,0.0,0.0,0.0,0.0,0.250,0.250,0.250,0.500,69,0.000,0.500,50.0%,50.0%,0.0%,0.00,<a href=https://npb.jp/bis/eng/teams/index_t.html>Hanshin</a>,CL
川端　慎吾,4.0,4.0,2.0,0.0,1.0,0.0,0.0,0.0,1.0,2.0,0.0,0.0,0.0,0.0,0.0,2.0,0.0,0.0,0.0,0.500,0.750,0.500,1.250,307,0.000,0.500,50.0%,0.0%,50.0%,1.00,<a href=https://npb.jp/bis/eng/teams/index_s.html>Yakult</a>,CL
廣岡　大志,4.0,13.0,12.0,0.0,4.0,1.0,0.0,0.0,5.0,1.0,1.0,0.0,1.0,0.0,3.0,0.0,0.0,0.0,0.0,0.333,0.308,0.417,0.724,135,0.083,0.444,23.1%,23.1%,0.0%,0.00,<a href=https://npb.jp/bis/eng/teams/index_g.html>Yomiuri</a>,CL
戸郷　翔征,2.0,1.0,1.0,0.0,0.0,0.0,0.0,0.0,0.0,0.0,0.0,0.0,0.0,0.0,1.0,0.0,0.0,0.0,0.0,0.000,0.000,0.000,0.000,-96,0.000,,100.0%,100.0%,0.0%,0.00,<a href=https://npb.jp/bis/eng/teams/index_g.html>Yomiuri</a>,CL
木浪　聖也,1.0,3.0,3.0,0.0,0.0,0.0,0.0,0.0,0.0,0.0,0.0,0.0,0.0,0.0,0.0,0.0,0.0,0.0,0.0,0.000,0.000,0.000,0.000,-103,0.000,0.000,0.0%,0.0%,0.0%,,<a href=https://npb.jp/bis/eng/teams/index_t.html>Hanshin</a>,CL
杉本　裕太郎,9.0,38.0,33.0,2.0,10.0,0.0,0.0,2.0,16.0,5.0,0.0,1.0,0.0,0.0,11.0,4.0,3.0,1.0,0.0,0.303,0.395,0.485,0.880,199,0.182,0.400,44.7%,28.9%,10.5%,0.36,<a href=https://npb.jp/bis/eng/teams/index_b.html>ORIX</a>,PL
村上　宗隆,9.0,37.0,32.0,5.0,7.0,1.0,1.0,2.0,16.0,4.0,0.0,0.0,0.0,0.0,7.0,4.0,0.0,1.0,0.0,0.219,0.324,0.500,0.824,167,0.281,0.217,35.1%,18.9%,10.8%,0.57,<a href=https://npb.jp/bis/eng/teams/index_s.html>Yakult</a>,CL
松原　聖弥,5.0,20.0,19.0,2.0,3.0,1.0,0.0,0.0,4.0,1.0,0.0,0.0,0.0,0.0,8.0,1.0,0.0,0.0,0.0,0.158,0.200,0.211,0.411,35,0.053,0.273,45.0%,40.0%,5.0%,0.12,<a href=https://npb.jp/bis/eng/teams/index_g.html>Yomiuri</a>,CL
柿沼　友哉,5.0,2.0,2.0,0.0,0.0,0.0,0.0,0.0,0.0,0.0,0.0,0.0,0.0,0.0,0.0,0.0,0.0,0.0,0.0,0.000,0.000,0.000,0.000,-98,0.000,0.000,0.0%,0.0%,0.0%,,<a href=https://npb.jp/bis/eng/teams/index_m.html>Lotte</a>,PL
梅野　隆太郎,1.0,4.0,4.0,1.0,1.0,1.0,0.0,0.0,2.0,0.0,0.0,0.0,0.0,0.0,0.0,0.0,0.0,0.0,1.0,0.250,0.250,0.500,0.750,152,0.250,0.250,0.0%,0.0%,0.0%,,<a href=https://npb.jp/bis/eng/teams/index_t.html>Hanshin</a>,CL
浅村　栄斗,2.0,10.0,8.0,1.0,1.0,0.0,0.0,0.0,1.0,0.0,0.0,0.0,0.0,0.0,3.0,2.0,0.0,0.0,0.0,0.125,0.300,0.125,0.425,45,0.000,0.200,50.0%,30.0%,20.0%,0.67,<a href=https://npb.jp/bis/eng/teams/index_e.html>Rakuten</a>,PL
渡邉　大樹,8.0,1.0,1.0,2.0,0.0,0.0,0.0,0.0,0.0,0.0,0.0,0.0,0.0,0.0,0.0,0.0,0.0,0.0,0.0,0.000,0.000,0.000,0.000,-96,0.000,0.000,0.0%,0.0%,0.0%,,<a href=https://npb.jp/bis/eng/teams/index_s.html>Yakult</a>,CL
渡邊　佳明,1.0,4.0,3.0,0.0,0.0,0.0,0.0,0.0,0.0,0.0,0.0,0.0,1.0,0.0,0.0,0.0,0.0,0.0,0.0,0.000,0.000,0.000,0.000,-102,0.000,0.000,0.0%,0.0%,0.0%,,<a href=https://npb.jp/bis/eng/teams/index_e.html>Rakuten</a>,PL
炭谷　銀仁朗,2.0,5.0,4.0,2.0,2.0,0.0,0.0,1.0,5.0,2.0,0.0,0.0,0.0,0.0,0.0,1.0,0.0,0.0,0.0,0.500,0.600,1.250,1.850,521,0.750,0.333,40.0%,0.0%,20.0%,1.00,<a href=https://npb.jp/bis/eng/teams/index_e.html>Rakuten</a>,PL
田嶋　大樹,2.0,2.0,1.0,0.0,0.0,0.0,0.0,0.0,0.0,0.0,0.0,0.0,1.0,0.0,1.0,0.0,0.0,0.0,0.0,0.000,0.000,0.000,0.000,-103,0.000,,50.0%,50.0%,0.0%,0.00,<a href=https://npb.jp/bis/eng/teams/index_b.html>ORIX</a>,PL
石川　雅規,1.0,2.0,2.0,0.0,0.0,0.0,0.0,0.0,0.0,0.0,0.0,0.0,0.0,0.0,1.0,0.0,0.0,0.0,0.0,0.000,0.000,0.000,0.000,-96,0.000,0.000,50.0%,50.0%,0.0%,0.00,<a href=https://npb.jp/bis/eng/teams/index_s.html>Yakult</a>,CL
福田　周平,9.0,41.0,36.0,3.0,10.0,0.0,0.0,0.0,10.0,1.0,0.0,1.0,2.0,0.0,1.0,3.0,0.0,0.0,1.0,0.278,0.317,0.278,0.595,102,0.000,0.286,9.8%,2.4%,7.3%,3.00,<a href=https://npb.jp/bis/eng/teams/index_b.html>ORIX</a>,PL
糸井　嘉男,2.0,2.0,2.0,0.0,0.0,0.0,0.0,0.0,0.0,0.0,0.0,0.0,0.0,0.0,0.0,0.0,0.0,0.0,0.0,0.000,0.000,0.000,0.000,-103,0.000,0.000,0.0%,0.0%,0.0%,,<a href=https://npb.jp/bis/eng/teams/index_t.html>Hanshin</a>,CL
糸原　健斗,2.0,9.0,7.0,0.0,1.0,0.0,0.0,0.0,1.0,0.0,0.0,0.0,0.0,0.0,0.0,2.0,0.0,0.0,0.0,0.143,0.333,0.143,0.476,64,0.000,0.143,22.2%,0.0%,22.2%,1.00,<a href=https://npb.jp/bis/eng/teams/index_t.html>Hanshin</a>,CL
紅林　弘太郎,9.0,32.0,31.0,4.0,7.0,1.0,0.0,0.0,8.0,0.0,0.0,0.0,1.0,0.0,8.0,0.0,0.0,0.0,1.0,0.226,0.219,0.258,0.477,61,0.032,0.304,25.0%,25.0%,0.0%,0.00,<a href=https://npb.jp/bis/eng/teams/index_b.html>ORIX</a>,PL
若月　健矢,6.0,14.0,13.0,1.0,3.0,0.0,0.0,0.0,3.0,0.0,0.0,0.0,1.0,0.0,3.0,0.0,0.0,0.0,0.0,0.231,0.214,0.231,0.445,51,0.000,0.300,21.4%,21.4%,0.0%,0.00,<a href=https://npb.jp/bis/eng/teams/index_b.html>ORIX</a>,PL
若林　晃弘,3.0,8.0,8.0,1.0,1.0,0.0,0.0,0.0,1.0,0.0,0.0,0.0,0.0,0.0,2.0,0.0,0.0,0.0,0.0,0.125,0.125,0.125,0.250,-15,0.000,0.167,25.0%,25.0%,0.0%,0.00,<a href=https://npb.jp/bis/eng/teams/index_g.html>Yomiuri</a>,CL
茂木　栄五郎,2.0,8.0,6.0,0.0,0.0,0.0,0.0,0.0,0.0,0.0,0.0,0.0,0.0,0.0,5.0,2.0,0.0,0.0,0.0,0.000,0.250,0.000,0.250,-13,0.000,0.000,87.5%,62.5%,25.0%,0.40,<a href=https://npb.jp/bis/eng/teams/index_e.html>Rakuten</a>,PL
荻野　貴司,5.0,21.0,20.0,2.0,5.0,0.0,0.0,0.0,5.0,0.0,1.0,0.0,0.0,0.0,1.0,1.0,0.0,0.0,0.0,0.250,0.286,0.250,0.536,78,0.000,0.263,9.5%,4.8%,4.8%,1.00,<a href=https://npb.jp/bis/eng/teams/index_m.html>Lotte</a>,PL
菅野　智之,2.0,5.0,5.0,0.0,0.0,0.0,0.0,0.0,0.0,0.0,0.0,0.0,0.0,0.0,2.0,0.0,0.0,0.0,0.0,0.000,0.000,0.000,0.000,-96,0.000,0.000,40.0%,40.0%,0.0%,0.00,<a href=https://npb.jp/bis/eng/teams/index_g.html>Yomiuri</a>,CL
藤原　恭大,3.0,2.0,2.0,0.0,0.0,0.0,0.0,0.0,0.0,0.0,0.0,0.0,0.0,0.0,1.0,0.0,0.0,0.0,1.0,0.000,0.000,0.000,0.000,-98,0.000,0.000,50.0%,50.0%,0.0%,0.00,<a href=https://npb.jp/bis/eng/teams/index_m.html>Lotte</a>,PL
藤岡　裕大,5.0,17.0,15.0,0.0,3.0,1.0,0.0,0.0,4.0,0.0,0.0,0.0,1.0,0.0,5.0,1.0,1.0,0.0,0.0,0.200,0.235,0.267,0.502,66,0.067,0.300,35.3%,29.4%,5.9%,0.20,<a href=https://npb.jp/bis/eng/teams/index_m.html>Lotte</a>,PL
西浦　直亨,9.0,35.0,27.0,3.0,5.0,1.0,0.0,0.0,6.0,1.0,0.0,0.0,1.0,1.0,8.0,6.0,3.0,0.0,1.0,0.185,0.314,0.222,0.537,78,0.037,0.250,40.0%,22.9%,17.1%,0.75,<a href=https://npb.jp/bis/eng/teams/index_s.html>Yakult</a>,CL
角中　勝也,3.0,5.0,5.0,0.0,1.0,0.0,0.0,0.0,1.0,0.0,0.0,0.0,0.0,0.0,2.0,0.0,0.0,0.0,0.0,0.200,0.200,0.200,0.400,33,0.000,0.333,40.0%,40.0%,0.0%,0.00,<a href=https://npb.jp/bis/eng/teams/index_m.html>Lotte</a>,PL
辰己　涼介,2.0,7.0,6.0,0.0,0.0,0.0,0.0,0.0,0.0,0.0,0.0,0.0,0.0,0.0,2.0,1.0,0.0,0.0,0.0,0.000,0.143,0.000,0.143,-52,0.000,0.000,42.9%,28.6%,14.3%,0.50,<a href=https://npb.jp/bis/eng/teams/index_e.html>Rakuten</a>,PL
近本　光司,2.0,9.0,8.0,0.0,2.0,0.0,0.0,0.0,2.0,0.0,0.0,0.0,0.0,0.0,0.0,1.0,0.0,0.0,0.0,0.250,0.333,0.250,0.583,98,0.000,0.250,11.1%,0.0%,11.1%,1.00,<a href=https://npb.jp/bis/eng/teams/index_t.html>Hanshin</a>,CL
金久保　優斗,1.0,1.0,1.0,0.0,0.0,0.0,0.0,0.0,0.0,0.0,0.0,0.0,0.0,0.0,0.0,0.0,0.0,0.0,0.0,0.000,0.000,0.000,0.000,-96,0.000,0.000,0.0%,0.0%,0.0%,,<a href=https://npb.jp/bis/eng/teams/index_s.html>Yakult</a>,CL
鈴木　大地,2.0,8.0,8.0,1.0,2.0,1.0,0.0,0.0,3.0,0.0,0.0,0.0,0.0,0.0,1.0,0.0,0.0,0.0,0.0,0.250,0.250,0.375,0.625,110,0.125,0.286,12.5%,12.5%,0.0%,0.00,<a href=https://npb.jp/bis/eng/teams/index_e.html>Rakuten</a>,PL
銀次,1.0,4.0,4.0,0.0,0.0,0.0,0.0,0.0,0.0,0.0,0.0,0.0,0.0,0.0,2.0,0.0,0.0,0.0,0.0,0.000,0.000,0.000,0.000,-102,0.000,0.000,50.0%,50.0%,0.0%,0.00,<a href=https://npb.jp/bis/eng/teams/index_e.html>Rakuten</a>,PL
青木　宣親,9.0,39.0,35.0,3.0,7.0,1.0,0.0,0.0,8.0,3.0,0.0,0.0,0.0,0.0,5.0,4.0,0.0,0.0,0.0,0.200,0.282,0.229,0.511,68,0.029,0.233,23.1%,12.8%,10.3%,0.80,<a href=https://npb.jp/bis/eng/teams/index_s.html>Yakult</a>,CL
青柳　晃洋,1.0,1.0,1.0,0.0,0.0,0.0,0.0,0.0,0.0,0.0,0.0,0.0,0.0,0.0,1.0,0.0,0.0,0.0,0.0,0.000,0.000,0.000,0.000,-103,0.000,,100.0%,100.0%,0.0%,0.00,<a href=https://npb.jp/bis/eng/teams/index_t.html>Hanshin</a>,CL
頓宮　裕真,1.0,1.0,1.0,0.0,0.0,0.0,0.0,0.0,0.0,0.0,0.0,0.0,0.0,0.0,1.0,0.0,0.0,0.0,0.0,0.000,0.000,0.000,0.000,-103,0.000,,100.0%,100.0%,0.0%,0.00,<a href=https://npb.jp/bis/eng/teams/index_b.html>ORIX</a>,PL
高橋　奎二,2.0,2.0,2.0,0.0,0.0,0.0,0.0,0.0,0.0,0.0,0.0,0.0,0.0,0.0,1.0,0.0,0.0,0.0,0.0,0.000,0.000,0.000,0.000,-96,0.000,0.000,50.0%,50.0%,0.0%,0.00,<a href=https://npb.jp/bis/eng/teams/index_s.html>Yakult</a>,CL
髙橋　遥人,1.0,1.0,1.0,0.0,0.0,0.0,0.0,0.0,0.0,0.0,0.0,0.0,0.0,0.0,0.0,0.0,0.0,0.0,0.0,0.000,0.000,0.000,0.000,-103,0.000,0.000,0.0%,0.0%,0.0%,,<a href=https://npb.jp/bis/eng/teams/index_t.html>Hanshin</a>,CL
Ｔ－岡田,8.0,29.0,28.0,0.0,7.0,0.0,0.0,0.0,7.0,2.0,0.0,0.0,0.0,0.0,8.0,1.0,0.0,0.0,0.0,0.250,0.276,0.250,0.526,78,0.000,0.350,31.0%,27.6%,3.4%,0.12,<a href=https://npb.jp/bis/eng/teams/index_b.html>ORIX</a>,PL
